sample,fastq_1,fastq_2
WillRV_S001_S1,/n/scratch/groups/mgh/kwon/will_paired_rv_20250917/demultiplexed/WillRV_S001_S1_R1_001.fastq.gz,/n/scratch/groups/mgh/kwon/will_paired_rv_20250917/demultiplexed/WillRV_S001_S1_R2_001.fastq.gz
WillRV_S002_S2,/n/scratch/groups/mgh/kwon/will_paired_rv_20250917/demultiplexed/WillRV_S002_S2_R1_001.fastq.gz,/n/scratch/groups/mgh/kwon/will_paired_rv_20250917/demultiplexed/WillRV_S002_S2_R2_001.fastq.gz
WillRV_S003_S3,/n/scratch/groups/mgh/kwon/will_paired_rv_20250917/demultiplexed/WillRV_S003_S3_R1_001.fastq.gz,/n/scratch/groups/mgh/kwon/will_paired_rv_20250917/demultiplexed/WillRV_S003_S3_R2_001.fastq.gz
WillRV_S004_S4,/n/scratch/groups/mgh/kwon/will_paired_rv_20250917/demultiplexed/WillRV_S004_S4_R1_001.fastq.gz,/n/scratch/groups/mgh/kwon/will_paired_rv_20250917/demultiplexed/WillRV_S004_S4_R2_001.fastq.gz
WillRV_S005_S5,/n/scratch/groups/mgh/kwon/will_paired_rv_20250917/demultiplexed/WillRV_S005_S5_R1_001.fastq.gz,/n/scratch/groups/mgh/kwon/will_paired_rv_20250917/demultiplexed/WillRV_S005_S5_R2_001.fastq.gz
WillRV_S006_S6,/n/scratch/groups/mgh/kwon/will_paired_rv_20250917/demultiplexed/WillRV_S006_S6_R1_001.fastq.gz,/n/scratch/groups/mgh/kwon/will_paired_rv_20250917/demultiplexed/WillRV_S006_S6_R2_001.fastq.gz
WillRV_S007_S7,/n/scratch/groups/mgh/kwon/will_paired_rv_20250917/demultiplexed/WillRV_S007_S7_R1_001.fastq.gz,/n/scratch/groups/mgh/kwon/will_paired_rv_20250917/demultiplexed/WillRV_S007_S7_R2_001.fastq.gz
WillRV_S008_S8,/n/scratch/groups/mgh/kwon/will_paired_rv_20250917/demultiplexed/WillRV_S008_S8_R1_001.fastq.gz,/n/scratch/groups/mgh/kwon/will_paired_rv_20250917/demultiplexed/WillRV_S008_S8_R2_001.fastq.gz
WillRV_S009_S9,/n/scratch/groups/mgh/kwon/will_paired_rv_20250917/demultiplexed/WillRV_S009_S9_R1_001.fastq.gz,/n/scratch/groups/mgh/kwon/will_paired_rv_20250917/demultiplexed/WillRV_S009_S9_R2_001.fastq.gz
WillRV_S010_S10,/n/scratch/groups/mgh/kwon/will_paired_rv_20250917/demultiplexed/WillRV_S010_S10_R1_001.fastq.gz,/n/scratch/groups/mgh/kwon/will_paired_rv_20250917/demultiplexed/WillRV_S010_S10_R2_001.fastq.gz
WillRV_S011_S11,/n/scratch/groups/mgh/kwon/will_paired_rv_20250917/demultiplexed/WillRV_S011_S11_R1_001.fastq.gz,/n/scratch/groups/mgh/kwon/will_paired_rv_20250917/demultiplexed/WillRV_S011_S11_R2_001.fastq.gz
WillRV_S012_S12,/n/scratch/groups/mgh/kwon/will_paired_rv_20250917/demultiplexed/WillRV_S012_S12_R1_001.fastq.gz,/n/scratch/groups/mgh/kwon/will_paired_rv_20250917/demultiplexed/WillRV_S012_S12_R2_001.fastq.gz
WillRV_S013_S13,/n/scratch/groups/mgh/kwon/will_paired_rv_20250917/demultiplexed/WillRV_S013_S13_R1_001.fastq.gz,/n/scratch/groups/mgh/kwon/will_paired_rv_20250917/demultiplexed/WillRV_S013_S13_R2_001.fastq.gz
WillRV_S014_S14,/n/scratch/groups/mgh/kwon/will_paired_rv_20250917/demultiplexed/WillRV_S014_S14_R1_001.fastq.gz,/n/scratch/groups/mgh/kwon/will_paired_rv_20250917/demultiplexed/WillRV_S014_S14_R2_001.fastq.gz
WillRV_S015_S15,/n/scratch/groups/mgh/kwon/will_paired_rv_20250917/demultiplexed/WillRV_S015_S15_R1_001.fastq.gz,/n/scratch/groups/mgh/kwon/will_paired_rv_20250917/demultiplexed/WillRV_S015_S15_R2_001.fastq.gz
WillRV_S016_S16,/n/scratch/groups/mgh/kwon/will_paired_rv_20250917/demultiplexed/WillRV_S016_S16_R1_001.fastq.gz,/n/scratch/groups/mgh/kwon/will_paired_rv_20250917/demultiplexed/WillRV_S016_S16_R2_001.fastq.gz
WillRV_S017_S17,/n/scratch/groups/mgh/kwon/will_paired_rv_20250917/demultiplexed/WillRV_S017_S17_R1_001.fastq.gz,/n/scratch/groups/mgh/kwon/will_paired_rv_20250917/demultiplexed/WillRV_S017_S17_R2_001.fastq.gz
WillRV_S018_S18,/n/scratch/groups/mgh/kwon/will_paired_rv_20250917/demultiplexed/WillRV_S018_S18_R1_001.fastq.gz,/n/scratch/groups/mgh/kwon/will_paired_rv_20250917/demultiplexed/WillRV_S018_S18_R2_001.fastq.gz
WillRV_S019_S19,/n/scratch/groups/mgh/kwon/will_paired_rv_20250917/demultiplexed/WillRV_S019_S19_R1_001.fastq.gz,/n/scratch/groups/mgh/kwon/will_paired_rv_20250917/demultiplexed/WillRV_S019_S19_R2_001.fastq.gz
WillRV_S020_S20,/n/scratch/groups/mgh/kwon/will_paired_rv_20250917/demultiplexed/WillRV_S020_S20_R1_001.fastq.gz,/n/scratch/groups/mgh/kwon/will_paired_rv_20250917/demultiplexed/WillRV_S020_S20_R2_001.fastq.gz
WillRV_S021_S21,/n/scratch/groups/mgh/kwon/will_paired_rv_20250917/demultiplexed/WillRV_S021_S21_R1_001.fastq.gz,/n/scratch/groups/mgh/kwon/will_paired_rv_20250917/demultiplexed/WillRV_S021_S21_R2_001.fastq.gz
WillRV_S022_S22,/n/scratch/groups/mgh/kwon/will_paired_rv_20250917/demultiplexed/WillRV_S022_S22_R1_001.fastq.gz,/n/scratch/groups/mgh/kwon/will_paired_rv_20250917/demultiplexed/WillRV_S022_S22_R2_001.fastq.gz
WillRV_S023_S23,/n/scratch/groups/mgh/kwon/will_paired_rv_20250917/demultiplexed/WillRV_S023_S23_R1_001.fastq.gz,/n/scratch/groups/mgh/kwon/will_paired_rv_20250917/demultiplexed/WillRV_S023_S23_R2_001.fastq.gz
WillRV_S024_S24,/n/scratch/groups/mgh/kwon/will_paired_rv_20250917/demultiplexed/WillRV_S024_S24_R1_001.fastq.gz,/n/scratch/groups/mgh/kwon/will_paired_rv_20250917/demultiplexed/WillRV_S024_S24_R2_001.fastq.gz
WillRV_S025_S25,/n/scratch/groups/mgh/kwon/will_paired_rv_20250917/demultiplexed/WillRV_S025_S25_R1_001.fastq.gz,/n/scratch/groups/mgh/kwon/will_paired_rv_20250917/demultiplexed/WillRV_S025_S25_R2_001.fastq.gz
WillRV_S026_S26,/n/scratch/groups/mgh/kwon/will_paired_rv_20250917/demultiplexed/WillRV_S026_S26_R1_001.fastq.gz,/n/scratch/groups/mgh/kwon/will_paired_rv_20250917/demultiplexed/WillRV_S026_S26_R2_001.fastq.gz
WillRV_S027_S27,/n/scratch/groups/mgh/kwon/will_paired_rv_20250917/demultiplexed/WillRV_S027_S27_R1_001.fastq.gz,/n/scratch/groups/mgh/kwon/will_paired_rv_20250917/demultiplexed/WillRV_S027_S27_R2_001.fastq.gz
WillRV_S028_S28,/n/scratch/groups/mgh/kwon/will_paired_rv_20250917/demultiplexed/WillRV_S028_S28_R1_001.fastq.gz,/n/scratch/groups/mgh/kwon/will_paired_rv_20250917/demultiplexed/WillRV_S028_S28_R2_001.fastq.gz
WillRV_S029_S29,/n/scratch/groups/mgh/kwon/will_paired_rv_20250917/demultiplexed/WillRV_S029_S29_R1_001.fastq.gz,/n/scratch/groups/mgh/kwon/will_paired_rv_20250917/demultiplexed/WillRV_S029_S29_R2_001.fastq.gz
WillRV_S030_S30,/n/scratch/groups/mgh/kwon/will_paired_rv_20250917/demultiplexed/WillRV_S030_S30_R1_001.fastq.gz,/n/scratch/groups/mgh/kwon/will_paired_rv_20250917/demultiplexed/WillRV_S030_S30_R2_001.fastq.gz
WillRV_S031_S31,/n/scratch/groups/mgh/kwon/will_paired_rv_20250917/demultiplexed/WillRV_S031_S31_R1_001.fastq.gz,/n/scratch/groups/mgh/kwon/will_paired_rv_20250917/demultiplexed/WillRV_S031_S31_R2_001.fastq.gz
WillRV_S032_S32,/n/scratch/groups/mgh/kwon/will_paired_rv_20250917/demultiplexed/WillRV_S032_S32_R1_001.fastq.gz,/n/scratch/groups/mgh/kwon/will_paired_rv_20250917/demultiplexed/WillRV_S032_S32_R2_001.fastq.gz
WillRV_S033_S33,/n/scratch/groups/mgh/kwon/will_paired_rv_20250917/demultiplexed/WillRV_S033_S33_R1_001.fastq.gz,/n/scratch/groups/mgh/kwon/will_paired_rv_20250917/demultiplexed/WillRV_S033_S33_R2_001.fastq.gz
WillRV_S034_S34,/n/scratch/groups/mgh/kwon/will_paired_rv_20250917/demultiplexed/WillRV_S034_S34_R1_001.fastq.gz,/n/scratch/groups/mgh/kwon/will_paired_rv_20250917/demultiplexed/WillRV_S034_S34_R2_001.fastq.gz
WillRV_S035_S35,/n/scratch/groups/mgh/kwon/will_paired_rv_20250917/demultiplexed/WillRV_S035_S35_R1_001.fastq.gz,/n/scratch/groups/mgh/kwon/will_paired_rv_20250917/demultiplexed/WillRV_S035_S35_R2_001.fastq.gz
WillRV_S036_S36,/n/scratch/groups/mgh/kwon/will_paired_rv_20250917/demultiplexed/WillRV_S036_S36_R1_001.fastq.gz,/n/scratch/groups/mgh/kwon/will_paired_rv_20250917/demultiplexed/WillRV_S036_S36_R2_001.fastq.gz
WillRV_S037_S37,/n/scratch/groups/mgh/kwon/will_paired_rv_20250917/demultiplexed/WillRV_S037_S37_R1_001.fastq.gz,/n/scratch/groups/mgh/kwon/will_paired_rv_20250917/demultiplexed/WillRV_S037_S37_R2_001.fastq.gz
WillRV_S038_S38,/n/scratch/groups/mgh/kwon/will_paired_rv_20250917/demultiplexed/WillRV_S038_S38_R1_001.fastq.gz,/n/scratch/groups/mgh/kwon/will_paired_rv_20250917/demultiplexed/WillRV_S038_S38_R2_001.fastq.gz
WillRV_S039_S39,/n/scratch/groups/mgh/kwon/will_paired_rv_20250917/demultiplexed/WillRV_S039_S39_R1_001.fastq.gz,/n/scratch/groups/mgh/kwon/will_paired_rv_20250917/demultiplexed/WillRV_S039_S39_R2_001.fastq.gz
WillRV_S040_S40,/n/scratch/groups/mgh/kwon/will_paired_rv_20250917/demultiplexed/WillRV_S040_S40_R1_001.fastq.gz,/n/scratch/groups/mgh/kwon/will_paired_rv_20250917/demultiplexed/WillRV_S040_S40_R2_001.fastq.gz
WillRV_S041_S41,/n/scratch/groups/mgh/kwon/will_paired_rv_20250917/demultiplexed/WillRV_S041_S41_R1_001.fastq.gz,/n/scratch/groups/mgh/kwon/will_paired_rv_20250917/demultiplexed/WillRV_S041_S41_R2_001.fastq.gz
WillRV_S042_S42,/n/scratch/groups/mgh/kwon/will_paired_rv_20250917/demultiplexed/WillRV_S042_S42_R1_001.fastq.gz,/n/scratch/groups/mgh/kwon/will_paired_rv_20250917/demultiplexed/WillRV_S042_S42_R2_001.fastq.gz
WillRV_S043_S43,/n/scratch/groups/mgh/kwon/will_paired_rv_20250917/demultiplexed/WillRV_S043_S43_R1_001.fastq.gz,/n/scratch/groups/mgh/kwon/will_paired_rv_20250917/demultiplexed/WillRV_S043_S43_R2_001.fastq.gz
WillRV_S044_S44,/n/scratch/groups/mgh/kwon/will_paired_rv_20250917/demultiplexed/WillRV_S044_S44_R1_001.fastq.gz,/n/scratch/groups/mgh/kwon/will_paired_rv_20250917/demultiplexed/WillRV_S044_S44_R2_001.fastq.gz
WillRV_S045_S45,/n/scratch/groups/mgh/kwon/will_paired_rv_20250917/demultiplexed/WillRV_S045_S45_R1_001.fastq.gz,/n/scratch/groups/mgh/kwon/will_paired_rv_20250917/demultiplexed/WillRV_S045_S45_R2_001.fastq.gz
WillRV_S046_S46,/n/scratch/groups/mgh/kwon/will_paired_rv_20250917/demultiplexed/WillRV_S046_S46_R1_001.fastq.gz,/n/scratch/groups/mgh/kwon/will_paired_rv_20250917/demultiplexed/WillRV_S046_S46_R2_001.fastq.gz
WillRV_S047_S47,/n/scratch/groups/mgh/kwon/will_paired_rv_20250917/demultiplexed/WillRV_S047_S47_R1_001.fastq.gz,/n/scratch/groups/mgh/kwon/will_paired_rv_20250917/demultiplexed/WillRV_S047_S47_R2_001.fastq.gz
WillRV_S048_S48,/n/scratch/groups/mgh/kwon/will_paired_rv_20250917/demultiplexed/WillRV_S048_S48_R1_001.fastq.gz,/n/scratch/groups/mgh/kwon/will_paired_rv_20250917/demultiplexed/WillRV_S048_S48_R2_001.fastq.gz
WillRV_S049_S49,/n/scratch/groups/mgh/kwon/will_paired_rv_20250917/demultiplexed/WillRV_S049_S49_R1_001.fastq.gz,/n/scratch/groups/mgh/kwon/will_paired_rv_20250917/demultiplexed/WillRV_S049_S49_R2_001.fastq.gz
WillRV_S050_S50,/n/scratch/groups/mgh/kwon/will_paired_rv_20250917/demultiplexed/WillRV_S050_S50_R1_001.fastq.gz,/n/scratch/groups/mgh/kwon/will_paired_rv_20250917/demultiplexed/WillRV_S050_S50_R2_001.fastq.gz
WillRV_S051_S51,/n/scratch/groups/mgh/kwon/will_paired_rv_20250917/demultiplexed/WillRV_S051_S51_R1_001.fastq.gz,/n/scratch/groups/mgh/kwon/will_paired_rv_20250917/demultiplexed/WillRV_S051_S51_R2_001.fastq.gz
WillRV_S052_S52,/n/scratch/groups/mgh/kwon/will_paired_rv_20250917/demultiplexed/WillRV_S052_S52_R1_001.fastq.gz,/n/scratch/groups/mgh/kwon/will_paired_rv_20250917/demultiplexed/WillRV_S052_S52_R2_001.fastq.gz
WillRV_S053_S53,/n/scratch/groups/mgh/kwon/will_paired_rv_20250917/demultiplexed/WillRV_S053_S53_R1_001.fastq.gz,/n/scratch/groups/mgh/kwon/will_paired_rv_20250917/demultiplexed/WillRV_S053_S53_R2_001.fastq.gz
WillRV_S054_S54,/n/scratch/groups/mgh/kwon/will_paired_rv_20250917/demultiplexed/WillRV_S054_S54_R1_001.fastq.gz,/n/scratch/groups/mgh/kwon/will_paired_rv_20250917/demultiplexed/WillRV_S054_S54_R2_001.fastq.gz
WillRV_S055_S55,/n/scratch/groups/mgh/kwon/will_paired_rv_20250917/demultiplexed/WillRV_S055_S55_R1_001.fastq.gz,/n/scratch/groups/mgh/kwon/will_paired_rv_20250917/demultiplexed/WillRV_S055_S55_R2_001.fastq.gz
WillRV_S056_S56,/n/scratch/groups/mgh/kwon/will_paired_rv_20250917/demultiplexed/WillRV_S056_S56_R1_001.fastq.gz,/n/scratch/groups/mgh/kwon/will_paired_rv_20250917/demultiplexed/WillRV_S056_S56_R2_001.fastq.gz
WillRV_S057_S57,/n/scratch/groups/mgh/kwon/will_paired_rv_20250917/demultiplexed/WillRV_S057_S57_R1_001.fastq.gz,/n/scratch/groups/mgh/kwon/will_paired_rv_20250917/demultiplexed/WillRV_S057_S57_R2_001.fastq.gz
WillRV_S058_S58,/n/scratch/groups/mgh/kwon/will_paired_rv_20250917/demultiplexed/WillRV_S058_S58_R1_001.fastq.gz,/n/scratch/groups/mgh/kwon/will_paired_rv_20250917/demultiplexed/WillRV_S058_S58_R2_001.fastq.gz
WillRV_S059_S59,/n/scratch/groups/mgh/kwon/will_paired_rv_20250917/demultiplexed/WillRV_S059_S59_R1_001.fastq.gz,/n/scratch/groups/mgh/kwon/will_paired_rv_20250917/demultiplexed/WillRV_S059_S59_R2_001.fastq.gz
WillRV_S060_S60,/n/scratch/groups/mgh/kwon/will_paired_rv_20250917/demultiplexed/WillRV_S060_S60_R1_001.fastq.gz,/n/scratch/groups/mgh/kwon/will_paired_rv_20250917/demultiplexed/WillRV_S060_S60_R2_001.fastq.gz
WillRV_S061_S61,/n/scratch/groups/mgh/kwon/will_paired_rv_20250917/demultiplexed/WillRV_S061_S61_R1_001.fastq.gz,/n/scratch/groups/mgh/kwon/will_paired_rv_20250917/demultiplexed/WillRV_S061_S61_R2_001.fastq.gz
WillRV_S062_S62,/n/scratch/groups/mgh/kwon/will_paired_rv_20250917/demultiplexed/WillRV_S062_S62_R1_001.fastq.gz,/n/scratch/groups/mgh/kwon/will_paired_rv_20250917/demultiplexed/WillRV_S062_S62_R2_001.fastq.gz
WillRV_S063_S63,/n/scratch/groups/mgh/kwon/will_paired_rv_20250917/demultiplexed/WillRV_S063_S63_R1_001.fastq.gz,/n/scratch/groups/mgh/kwon/will_paired_rv_20250917/demultiplexed/WillRV_S063_S63_R2_001.fastq.gz
WillRV_S064_S64,/n/scratch/groups/mgh/kwon/will_paired_rv_20250917/demultiplexed/WillRV_S064_S64_R1_001.fastq.gz,/n/scratch/groups/mgh/kwon/will_paired_rv_20250917/demultiplexed/WillRV_S064_S64_R2_001.fastq.gz
WillRV_S065_S65,/n/scratch/groups/mgh/kwon/will_paired_rv_20250917/demultiplexed/WillRV_S065_S65_R1_001.fastq.gz,/n/scratch/groups/mgh/kwon/will_paired_rv_20250917/demultiplexed/WillRV_S065_S65_R2_001.fastq.gz
WillRV_S066_S66,/n/scratch/groups/mgh/kwon/will_paired_rv_20250917/demultiplexed/WillRV_S066_S66_R1_001.fastq.gz,/n/scratch/groups/mgh/kwon/will_paired_rv_20250917/demultiplexed/WillRV_S066_S66_R2_001.fastq.gz
WillRV_S067_S67,/n/scratch/groups/mgh/kwon/will_paired_rv_20250917/demultiplexed/WillRV_S067_S67_R1_001.fastq.gz,/n/scratch/groups/mgh/kwon/will_paired_rv_20250917/demultiplexed/WillRV_S067_S67_R2_001.fastq.gz
WillRV_S068_S68,/n/scratch/groups/mgh/kwon/will_paired_rv_20250917/demultiplexed/WillRV_S068_S68_R1_001.fastq.gz,/n/scratch/groups/mgh/kwon/will_paired_rv_20250917/demultiplexed/WillRV_S068_S68_R2_001.fastq.gz
WillRV_S069_S69,/n/scratch/groups/mgh/kwon/will_paired_rv_20250917/demultiplexed/WillRV_S069_S69_R1_001.fastq.gz,/n/scratch/groups/mgh/kwon/will_paired_rv_20250917/demultiplexed/WillRV_S069_S69_R2_001.fastq.gz
WillRV_S070_S70,/n/scratch/groups/mgh/kwon/will_paired_rv_20250917/demultiplexed/WillRV_S070_S70_R1_001.fastq.gz,/n/scratch/groups/mgh/kwon/will_paired_rv_20250917/demultiplexed/WillRV_S070_S70_R2_001.fastq.gz
WillRV_S071_S71,/n/scratch/groups/mgh/kwon/will_paired_rv_20250917/demultiplexed/WillRV_S071_S71_R1_001.fastq.gz,/n/scratch/groups/mgh/kwon/will_paired_rv_20250917/demultiplexed/WillRV_S071_S71_R2_001.fastq.gz
WillRV_S072_S72,/n/scratch/groups/mgh/kwon/will_paired_rv_20250917/demultiplexed/WillRV_S072_S72_R1_001.fastq.gz,/n/scratch/groups/mgh/kwon/will_paired_rv_20250917/demultiplexed/WillRV_S072_S72_R2_001.fastq.gz
WillRV_S073_S73,/n/scratch/groups/mgh/kwon/will_paired_rv_20250917/demultiplexed/WillRV_S073_S73_R1_001.fastq.gz,/n/scratch/groups/mgh/kwon/will_paired_rv_20250917/demultiplexed/WillRV_S073_S73_R2_001.fastq.gz
WillRV_S074_S74,/n/scratch/groups/mgh/kwon/will_paired_rv_20250917/demultiplexed/WillRV_S074_S74_R1_001.fastq.gz,/n/scratch/groups/mgh/kwon/will_paired_rv_20250917/demultiplexed/WillRV_S074_S74_R2_001.fastq.gz
WillRV_S075_S75,/n/scratch/groups/mgh/kwon/will_paired_rv_20250917/demultiplexed/WillRV_S075_S75_R1_001.fastq.gz,/n/scratch/groups/mgh/kwon/will_paired_rv_20250917/demultiplexed/WillRV_S075_S75_R2_001.fastq.gz
WillRV_S076_S76,/n/scratch/groups/mgh/kwon/will_paired_rv_20250917/demultiplexed/WillRV_S076_S76_R1_001.fastq.gz,/n/scratch/groups/mgh/kwon/will_paired_rv_20250917/demultiplexed/WillRV_S076_S76_R2_001.fastq.gz
WillRV_S077_S77,/n/scratch/groups/mgh/kwon/will_paired_rv_20250917/demultiplexed/WillRV_S077_S77_R1_001.fastq.gz,/n/scratch/groups/mgh/kwon/will_paired_rv_20250917/demultiplexed/WillRV_S077_S77_R2_001.fastq.gz
WillRV_S078_S78,/n/scratch/groups/mgh/kwon/will_paired_rv_20250917/demultiplexed/WillRV_S078_S78_R1_001.fastq.gz,/n/scratch/groups/mgh/kwon/will_paired_rv_20250917/demultiplexed/WillRV_S078_S78_R2_001.fastq.gz
WillRV_S079_S79,/n/scratch/groups/mgh/kwon/will_paired_rv_20250917/demultiplexed/WillRV_S079_S79_R1_001.fastq.gz,/n/scratch/groups/mgh/kwon/will_paired_rv_20250917/demultiplexed/WillRV_S079_S79_R2_001.fastq.gz
WillRV_S080_S80,/n/scratch/groups/mgh/kwon/will_paired_rv_20250917/demultiplexed/WillRV_S080_S80_R1_001.fastq.gz,/n/scratch/groups/mgh/kwon/will_paired_rv_20250917/demultiplexed/WillRV_S080_S80_R2_001.fastq.gz
WillRV_S081_S81,/n/scratch/groups/mgh/kwon/will_paired_rv_20250917/demultiplexed/WillRV_S081_S81_R1_001.fastq.gz,/n/scratch/groups/mgh/kwon/will_paired_rv_20250917/demultiplexed/WillRV_S081_S81_R2_001.fastq.gz
WillRV_S082_S82,/n/scratch/groups/mgh/kwon/will_paired_rv_20250917/demultiplexed/WillRV_S082_S82_R1_001.fastq.gz,/n/scratch/groups/mgh/kwon/will_paired_rv_20250917/demultiplexed/WillRV_S082_S82_R2_001.fastq.gz
WillRV_S083_S83,/n/scratch/groups/mgh/kwon/will_paired_rv_20250917/demultiplexed/WillRV_S083_S83_R1_001.fastq.gz,/n/scratch/groups/mgh/kwon/will_paired_rv_20250917/demultiplexed/WillRV_S083_S83_R2_001.fastq.gz
WillRV_S084_S84,/n/scratch/groups/mgh/kwon/will_paired_rv_20250917/demultiplexed/WillRV_S084_S84_R1_001.fastq.gz,/n/scratch/groups/mgh/kwon/will_paired_rv_20250917/demultiplexed/WillRV_S084_S84_R2_001.fastq.gz
WillRV_S085_S85,/n/scratch/groups/mgh/kwon/will_paired_rv_20250917/demultiplexed/WillRV_S085_S85_R1_001.fastq.gz,/n/scratch/groups/mgh/kwon/will_paired_rv_20250917/demultiplexed/WillRV_S085_S85_R2_001.fastq.gz
WillRV_S086_S86,/n/scratch/groups/mgh/kwon/will_paired_rv_20250917/demultiplexed/WillRV_S086_S86_R1_001.fastq.gz,/n/scratch/groups/mgh/kwon/will_paired_rv_20250917/demultiplexed/WillRV_S086_S86_R2_001.fastq.gz
WillRV_S087_S87,/n/scratch/groups/mgh/kwon/will_paired_rv_20250917/demultiplexed/WillRV_S087_S87_R1_001.fastq.gz,/n/scratch/groups/mgh/kwon/will_paired_rv_20250917/demultiplexed/WillRV_S087_S87_R2_001.fastq.gz
WillRV_S088_S88,/n/scratch/groups/mgh/kwon/will_paired_rv_20250917/demultiplexed/WillRV_S088_S88_R1_001.fastq.gz,/n/scratch/groups/mgh/kwon/will_paired_rv_20250917/demultiplexed/WillRV_S088_S88_R2_001.fastq.gz
WillRV_S089_S89,/n/scratch/groups/mgh/kwon/will_paired_rv_20250917/demultiplexed/WillRV_S089_S89_R1_001.fastq.gz,/n/scratch/groups/mgh/kwon/will_paired_rv_20250917/demultiplexed/WillRV_S089_S89_R2_001.fastq.gz
WillRV_S090_S90,/n/scratch/groups/mgh/kwon/will_paired_rv_20250917/demultiplexed/WillRV_S090_S90_R1_001.fastq.gz,/n/scratch/groups/mgh/kwon/will_paired_rv_20250917/demultiplexed/WillRV_S090_S90_R2_001.fastq.gz
WillRV_S091_S91,/n/scratch/groups/mgh/kwon/will_paired_rv_20250917/demultiplexed/WillRV_S091_S91_R1_001.fastq.gz,/n/scratch/groups/mgh/kwon/will_paired_rv_20250917/demultiplexed/WillRV_S091_S91_R2_001.fastq.gz
WillRV_S092_S92,/n/scratch/groups/mgh/kwon/will_paired_rv_20250917/demultiplexed/WillRV_S092_S92_R1_001.fastq.gz,/n/scratch/groups/mgh/kwon/will_paired_rv_20250917/demultiplexed/WillRV_S092_S92_R2_001.fastq.gz
WillRV_S093_S93,/n/scratch/groups/mgh/kwon/will_paired_rv_20250917/demultiplexed/WillRV_S093_S93_R1_001.fastq.gz,/n/scratch/groups/mgh/kwon/will_paired_rv_20250917/demultiplexed/WillRV_S093_S93_R2_001.fastq.gz
WillRV_S094_S94,/n/scratch/groups/mgh/kwon/will_paired_rv_20250917/demultiplexed/WillRV_S094_S94_R1_001.fastq.gz,/n/scratch/groups/mgh/kwon/will_paired_rv_20250917/demultiplexed/WillRV_S094_S94_R2_001.fastq.gz
WillRV_S095_S95,/n/scratch/groups/mgh/kwon/will_paired_rv_20250917/demultiplexed/WillRV_S095_S95_R1_001.fastq.gz,/n/scratch/groups/mgh/kwon/will_paired_rv_20250917/demultiplexed/WillRV_S095_S95_R2_001.fastq.gz
WillRV_S096_S96,/n/scratch/groups/mgh/kwon/will_paired_rv_20250917/demultiplexed/WillRV_S096_S96_R1_001.fastq.gz,/n/scratch/groups/mgh/kwon/will_paired_rv_20250917/demultiplexed/WillRV_S096_S96_R2_001.fastq.gz
WillRV_S097_S97,/n/scratch/groups/mgh/kwon/will_paired_rv_20250917/demultiplexed/WillRV_S097_S97_R1_001.fastq.gz,/n/scratch/groups/mgh/kwon/will_paired_rv_20250917/demultiplexed/WillRV_S097_S97_R2_001.fastq.gz
WillRV_S098_S98,/n/scratch/groups/mgh/kwon/will_paired_rv_20250917/demultiplexed/WillRV_S098_S98_R1_001.fastq.gz,/n/scratch/groups/mgh/kwon/will_paired_rv_20250917/demultiplexed/WillRV_S098_S98_R2_001.fastq.gz
WillRV_S099_S99,/n/scratch/groups/mgh/kwon/will_paired_rv_20250917/demultiplexed/WillRV_S099_S99_R1_001.fastq.gz,/n/scratch/groups/mgh/kwon/will_paired_rv_20250917/demultiplexed/WillRV_S099_S99_R2_001.fastq.gz
WillRV_S100_S100,/n/scratch/groups/mgh/kwon/will_paired_rv_20250917/demultiplexed/WillRV_S100_S100_R1_001.fastq.gz,/n/scratch/groups/mgh/kwon/will_paired_rv_20250917/demultiplexed/WillRV_S100_S100_R2_001.fastq.gz
WillRV_S101_S101,/n/scratch/groups/mgh/kwon/will_paired_rv_20250917/demultiplexed/WillRV_S101_S101_R1_001.fastq.gz,/n/scratch/groups/mgh/kwon/will_paired_rv_20250917/demultiplexed/WillRV_S101_S101_R2_001.fastq.gz
WillRV_S102_S102,/n/scratch/groups/mgh/kwon/will_paired_rv_20250917/demultiplexed/WillRV_S102_S102_R1_001.fastq.gz,/n/scratch/groups/mgh/kwon/will_paired_rv_20250917/demultiplexed/WillRV_S102_S102_R2_001.fastq.gz
WillRV_S103_S103,/n/scratch/groups/mgh/kwon/will_paired_rv_20250917/demultiplexed/WillRV_S103_S103_R1_001.fastq.gz,/n/scratch/groups/mgh/kwon/will_paired_rv_20250917/demultiplexed/WillRV_S103_S103_R2_001.fastq.gz
WillRV_S104_S104,/n/scratch/groups/mgh/kwon/will_paired_rv_20250917/demultiplexed/WillRV_S104_S104_R1_001.fastq.gz,/n/scratch/groups/mgh/kwon/will_paired_rv_20250917/demultiplexed/WillRV_S104_S104_R2_001.fastq.gz
WillRV_S105_S105,/n/scratch/groups/mgh/kwon/will_paired_rv_20250917/demultiplexed/WillRV_S105_S105_R1_001.fastq.gz,/n/scratch/groups/mgh/kwon/will_paired_rv_20250917/demultiplexed/WillRV_S105_S105_R2_001.fastq.gz
WillRV_S106_S106,/n/scratch/groups/mgh/kwon/will_paired_rv_20250917/demultiplexed/WillRV_S106_S106_R1_001.fastq.gz,/n/scratch/groups/mgh/kwon/will_paired_rv_20250917/demultiplexed/WillRV_S106_S106_R2_001.fastq.gz
WillRV_S107_S107,/n/scratch/groups/mgh/kwon/will_paired_rv_20250917/demultiplexed/WillRV_S107_S107_R1_001.fastq.gz,/n/scratch/groups/mgh/kwon/will_paired_rv_20250917/demultiplexed/WillRV_S107_S107_R2_001.fastq.gz
WillRV_S108_S108,/n/scratch/groups/mgh/kwon/will_paired_rv_20250917/demultiplexed/WillRV_S108_S108_R1_001.fastq.gz,/n/scratch/groups/mgh/kwon/will_paired_rv_20250917/demultiplexed/WillRV_S108_S108_R2_001.fastq.gz
WillRV_S109_S109,/n/scratch/groups/mgh/kwon/will_paired_rv_20250917/demultiplexed/WillRV_S109_S109_R1_001.fastq.gz,/n/scratch/groups/mgh/kwon/will_paired_rv_20250917/demultiplexed/WillRV_S109_S109_R2_001.fastq.gz
WillRV_S110_S110,/n/scratch/groups/mgh/kwon/will_paired_rv_20250917/demultiplexed/WillRV_S110_S110_R1_001.fastq.gz,/n/scratch/groups/mgh/kwon/will_paired_rv_20250917/demultiplexed/WillRV_S110_S110_R2_001.fastq.gz
WillRV_S111_S111,/n/scratch/groups/mgh/kwon/will_paired_rv_20250917/demultiplexed/WillRV_S111_S111_R1_001.fastq.gz,/n/scratch/groups/mgh/kwon/will_paired_rv_20250917/demultiplexed/WillRV_S111_S111_R2_001.fastq.gz
WillRV_S112_S112,/n/scratch/groups/mgh/kwon/will_paired_rv_20250917/demultiplexed/WillRV_S112_S112_R1_001.fastq.gz,/n/scratch/groups/mgh/kwon/will_paired_rv_20250917/demultiplexed/WillRV_S112_S112_R2_001.fastq.gz
WillRV_S113_S113,/n/scratch/groups/mgh/kwon/will_paired_rv_20250917/demultiplexed/WillRV_S113_S113_R1_001.fastq.gz,/n/scratch/groups/mgh/kwon/will_paired_rv_20250917/demultiplexed/WillRV_S113_S113_R2_001.fastq.gz
WillRV_S114_S114,/n/scratch/groups/mgh/kwon/will_paired_rv_20250917/demultiplexed/WillRV_S114_S114_R1_001.fastq.gz,/n/scratch/groups/mgh/kwon/will_paired_rv_20250917/demultiplexed/WillRV_S114_S114_R2_001.fastq.gz
WillRV_S115_S115,/n/scratch/groups/mgh/kwon/will_paired_rv_20250917/demultiplexed/WillRV_S115_S115_R1_001.fastq.gz,/n/scratch/groups/mgh/kwon/will_paired_rv_20250917/demultiplexed/WillRV_S115_S115_R2_001.fastq.gz
WillRV_S116_S116,/n/scratch/groups/mgh/kwon/will_paired_rv_20250917/demultiplexed/WillRV_S116_S116_R1_001.fastq.gz,/n/scratch/groups/mgh/kwon/will_paired_rv_20250917/demultiplexed/WillRV_S116_S116_R2_001.fastq.gz
WillRV_S117_S117,/n/scratch/groups/mgh/kwon/will_paired_rv_20250917/demultiplexed/WillRV_S117_S117_R1_001.fastq.gz,/n/scratch/groups/mgh/kwon/will_paired_rv_20250917/demultiplexed/WillRV_S117_S117_R2_001.fastq.gz
WillRV_S118_S118,/n/scratch/groups/mgh/kwon/will_paired_rv_20250917/demultiplexed/WillRV_S118_S118_R1_001.fastq.gz,/n/scratch/groups/mgh/kwon/will_paired_rv_20250917/demultiplexed/WillRV_S118_S118_R2_001.fastq.gz
WillRV_S119_S119,/n/scratch/groups/mgh/kwon/will_paired_rv_20250917/demultiplexed/WillRV_S119_S119_R1_001.fastq.gz,/n/scratch/groups/mgh/kwon/will_paired_rv_20250917/demultiplexed/WillRV_S119_S119_R2_001.fastq.gz
WillRV_S120_S120,/n/scratch/groups/mgh/kwon/will_paired_rv_20250917/demultiplexed/WillRV_S120_S120_R1_001.fastq.gz,/n/scratch/groups/mgh/kwon/will_paired_rv_20250917/demultiplexed/WillRV_S120_S120_R2_001.fastq.gz
WillRV_S121_S121,/n/scratch/groups/mgh/kwon/will_paired_rv_20250917/demultiplexed/WillRV_S121_S121_R1_001.fastq.gz,/n/scratch/groups/mgh/kwon/will_paired_rv_20250917/demultiplexed/WillRV_S121_S121_R2_001.fastq.gz
WillRV_S122_S122,/n/scratch/groups/mgh/kwon/will_paired_rv_20250917/demultiplexed/WillRV_S122_S122_R1_001.fastq.gz,/n/scratch/groups/mgh/kwon/will_paired_rv_20250917/demultiplexed/WillRV_S122_S122_R2_001.fastq.gz
WillRV_S123_S123,/n/scratch/groups/mgh/kwon/will_paired_rv_20250917/demultiplexed/WillRV_S123_S123_R1_001.fastq.gz,/n/scratch/groups/mgh/kwon/will_paired_rv_20250917/demultiplexed/WillRV_S123_S123_R2_001.fastq.gz
WillRV_S124_S124,/n/scratch/groups/mgh/kwon/will_paired_rv_20250917/demultiplexed/WillRV_S124_S124_R1_001.fastq.gz,/n/scratch/groups/mgh/kwon/will_paired_rv_20250917/demultiplexed/WillRV_S124_S124_R2_001.fastq.gz
WillRV_S125_S125,/n/scratch/groups/mgh/kwon/will_paired_rv_20250917/demultiplexed/WillRV_S125_S125_R1_001.fastq.gz,/n/scratch/groups/mgh/kwon/will_paired_rv_20250917/demultiplexed/WillRV_S125_S125_R2_001.fastq.gz
WillRV_S126_S126,/n/scratch/groups/mgh/kwon/will_paired_rv_20250917/demultiplexed/WillRV_S126_S126_R1_001.fastq.gz,/n/scratch/groups/mgh/kwon/will_paired_rv_20250917/demultiplexed/WillRV_S126_S126_R2_001.fastq.gz
WillRV_S127_S127,/n/scratch/groups/mgh/kwon/will_paired_rv_20250917/demultiplexed/WillRV_S127_S127_R1_001.fastq.gz,/n/scratch/groups/mgh/kwon/will_paired_rv_20250917/demultiplexed/WillRV_S127_S127_R2_001.fastq.gz
WillRV_S128_S128,/n/scratch/groups/mgh/kwon/will_paired_rv_20250917/demultiplexed/WillRV_S128_S128_R1_001.fastq.gz,/n/scratch/groups/mgh/kwon/will_paired_rv_20250917/demultiplexed/WillRV_S128_S128_R2_001.fastq.gz
WillRV_S129_S129,/n/scratch/groups/mgh/kwon/will_paired_rv_20250917/demultiplexed/WillRV_S129_S129_R1_001.fastq.gz,/n/scratch/groups/mgh/kwon/will_paired_rv_20250917/demultiplexed/WillRV_S129_S129_R2_001.fastq.gz
WillRV_S130_S130,/n/scratch/groups/mgh/kwon/will_paired_rv_20250917/demultiplexed/WillRV_S130_S130_R1_001.fastq.gz,/n/scratch/groups/mgh/kwon/will_paired_rv_20250917/demultiplexed/WillRV_S130_S130_R2_001.fastq.gz
WillRV_S131_S131,/n/scratch/groups/mgh/kwon/will_paired_rv_20250917/demultiplexed/WillRV_S131_S131_R1_001.fastq.gz,/n/scratch/groups/mgh/kwon/will_paired_rv_20250917/demultiplexed/WillRV_S131_S131_R2_001.fastq.gz
WillRV_S132_S132,/n/scratch/groups/mgh/kwon/will_paired_rv_20250917/demultiplexed/WillRV_S132_S132_R1_001.fastq.gz,/n/scratch/groups/mgh/kwon/will_paired_rv_20250917/demultiplexed/WillRV_S132_S132_R2_001.fastq.gz
WillRV_S133_S133,/n/scratch/groups/mgh/kwon/will_paired_rv_20250917/demultiplexed/WillRV_S133_S133_R1_001.fastq.gz,/n/scratch/groups/mgh/kwon/will_paired_rv_20250917/demultiplexed/WillRV_S133_S133_R2_001.fastq.gz
WillRV_S134_S134,/n/scratch/groups/mgh/kwon/will_paired_rv_20250917/demultiplexed/WillRV_S134_S134_R1_001.fastq.gz,/n/scratch/groups/mgh/kwon/will_paired_rv_20250917/demultiplexed/WillRV_S134_S134_R2_001.fastq.gz
WillRV_S135_S135,/n/scratch/groups/mgh/kwon/will_paired_rv_20250917/demultiplexed/WillRV_S135_S135_R1_001.fastq.gz,/n/scratch/groups/mgh/kwon/will_paired_rv_20250917/demultiplexed/WillRV_S135_S135_R2_001.fastq.gz
WillRV_S136_S136,/n/scratch/groups/mgh/kwon/will_paired_rv_20250917/demultiplexed/WillRV_S136_S136_R1_001.fastq.gz,/n/scratch/groups/mgh/kwon/will_paired_rv_20250917/demultiplexed/WillRV_S136_S136_R2_001.fastq.gz
WillRV_S137_S137,/n/scratch/groups/mgh/kwon/will_paired_rv_20250917/demultiplexed/WillRV_S137_S137_R1_001.fastq.gz,/n/scratch/groups/mgh/kwon/will_paired_rv_20250917/demultiplexed/WillRV_S137_S137_R2_001.fastq.gz
WillRV_S138_S138,/n/scratch/groups/mgh/kwon/will_paired_rv_20250917/demultiplexed/WillRV_S138_S138_R1_001.fastq.gz,/n/scratch/groups/mgh/kwon/will_paired_rv_20250917/demultiplexed/WillRV_S138_S138_R2_001.fastq.gz
WillRV_S139_S139,/n/scratch/groups/mgh/kwon/will_paired_rv_20250917/demultiplexed/WillRV_S139_S139_R1_001.fastq.gz,/n/scratch/groups/mgh/kwon/will_paired_rv_20250917/demultiplexed/WillRV_S139_S139_R2_001.fastq.gz
WillRV_S140_S140,/n/scratch/groups/mgh/kwon/will_paired_rv_20250917/demultiplexed/WillRV_S140_S140_R1_001.fastq.gz,/n/scratch/groups/mgh/kwon/will_paired_rv_20250917/demultiplexed/WillRV_S140_S140_R2_001.fastq.gz
WillRV_S141_S141,/n/scratch/groups/mgh/kwon/will_paired_rv_20250917/demultiplexed/WillRV_S141_S141_R1_001.fastq.gz,/n/scratch/groups/mgh/kwon/will_paired_rv_20250917/demultiplexed/WillRV_S141_S141_R2_001.fastq.gz
WillRV_S142_S142,/n/scratch/groups/mgh/kwon/will_paired_rv_20250917/demultiplexed/WillRV_S142_S142_R1_001.fastq.gz,/n/scratch/groups/mgh/kwon/will_paired_rv_20250917/demultiplexed/WillRV_S142_S142_R2_001.fastq.gz
WillRV_S143_S143,/n/scratch/groups/mgh/kwon/will_paired_rv_20250917/demultiplexed/WillRV_S143_S143_R1_001.fastq.gz,/n/scratch/groups/mgh/kwon/will_paired_rv_20250917/demultiplexed/WillRV_S143_S143_R2_001.fastq.gz
WillRV_S144_S144,/n/scratch/groups/mgh/kwon/will_paired_rv_20250917/demultiplexed/WillRV_S144_S144_R1_001.fastq.gz,/n/scratch/groups/mgh/kwon/will_paired_rv_20250917/demultiplexed/WillRV_S144_S144_R2_001.fastq.gz
WillRV_S145_S145,/n/scratch/groups/mgh/kwon/will_paired_rv_20250917/demultiplexed/WillRV_S145_S145_R1_001.fastq.gz,/n/scratch/groups/mgh/kwon/will_paired_rv_20250917/demultiplexed/WillRV_S145_S145_R2_001.fastq.gz
WillRV_S146_S146,/n/scratch/groups/mgh/kwon/will_paired_rv_20250917/demultiplexed/WillRV_S146_S146_R1_001.fastq.gz,/n/scratch/groups/mgh/kwon/will_paired_rv_20250917/demultiplexed/WillRV_S146_S146_R2_001.fastq.gz
WillRV_S147_S147,/n/scratch/groups/mgh/kwon/will_paired_rv_20250917/demultiplexed/WillRV_S147_S147_R1_001.fastq.gz,/n/scratch/groups/mgh/kwon/will_paired_rv_20250917/demultiplexed/WillRV_S147_S147_R2_001.fastq.gz
WillRV_S148_S148,/n/scratch/groups/mgh/kwon/will_paired_rv_20250917/demultiplexed/WillRV_S148_S148_R1_001.fastq.gz,/n/scratch/groups/mgh/kwon/will_paired_rv_20250917/demultiplexed/WillRV_S148_S148_R2_001.fastq.gz
WillRV_S149_S149,/n/scratch/groups/mgh/kwon/will_paired_rv_20250917/demultiplexed/WillRV_S149_S149_R1_001.fastq.gz,/n/scratch/groups/mgh/kwon/will_paired_rv_20250917/demultiplexed/WillRV_S149_S149_R2_001.fastq.gz
WillRV_S150_S150,/n/scratch/groups/mgh/kwon/will_paired_rv_20250917/demultiplexed/WillRV_S150_S150_R1_001.fastq.gz,/n/scratch/groups/mgh/kwon/will_paired_rv_20250917/demultiplexed/WillRV_S150_S150_R2_001.fastq.gz
WillRV_S151_S151,/n/scratch/groups/mgh/kwon/will_paired_rv_20250917/demultiplexed/WillRV_S151_S151_R1_001.fastq.gz,/n/scratch/groups/mgh/kwon/will_paired_rv_20250917/demultiplexed/WillRV_S151_S151_R2_001.fastq.gz
WillRV_S152_S152,/n/scratch/groups/mgh/kwon/will_paired_rv_20250917/demultiplexed/WillRV_S152_S152_R1_001.fastq.gz,/n/scratch/groups/mgh/kwon/will_paired_rv_20250917/demultiplexed/WillRV_S152_S152_R2_001.fastq.gz
WillRV_S153_S153,/n/scratch/groups/mgh/kwon/will_paired_rv_20250917/demultiplexed/WillRV_S153_S153_R1_001.fastq.gz,/n/scratch/groups/mgh/kwon/will_paired_rv_20250917/demultiplexed/WillRV_S153_S153_R2_001.fastq.gz
WillRV_S154_S154,/n/scratch/groups/mgh/kwon/will_paired_rv_20250917/demultiplexed/WillRV_S154_S154_R1_001.fastq.gz,/n/scratch/groups/mgh/kwon/will_paired_rv_20250917/demultiplexed/WillRV_S154_S154_R2_001.fastq.gz
WillRV_S155_S155,/n/scratch/groups/mgh/kwon/will_paired_rv_20250917/demultiplexed/WillRV_S155_S155_R1_001.fastq.gz,/n/scratch/groups/mgh/kwon/will_paired_rv_20250917/demultiplexed/WillRV_S155_S155_R2_001.fastq.gz
WillRV_S156_S156,/n/scratch/groups/mgh/kwon/will_paired_rv_20250917/demultiplexed/WillRV_S156_S156_R1_001.fastq.gz,/n/scratch/groups/mgh/kwon/will_paired_rv_20250917/demultiplexed/WillRV_S156_S156_R2_001.fastq.gz
WillRV_S157_S157,/n/scratch/groups/mgh/kwon/will_paired_rv_20250917/demultiplexed/WillRV_S157_S157_R1_001.fastq.gz,/n/scratch/groups/mgh/kwon/will_paired_rv_20250917/demultiplexed/WillRV_S157_S157_R2_001.fastq.gz
WillRV_S158_S158,/n/scratch/groups/mgh/kwon/will_paired_rv_20250917/demultiplexed/WillRV_S158_S158_R1_001.fastq.gz,/n/scratch/groups/mgh/kwon/will_paired_rv_20250917/demultiplexed/WillRV_S158_S158_R2_001.fastq.gz
WillRV_S159_S159,/n/scratch/groups/mgh/kwon/will_paired_rv_20250917/demultiplexed/WillRV_S159_S159_R1_001.fastq.gz,/n/scratch/groups/mgh/kwon/will_paired_rv_20250917/demultiplexed/WillRV_S159_S159_R2_001.fastq.gz
WillRV_S160_S160,/n/scratch/groups/mgh/kwon/will_paired_rv_20250917/demultiplexed/WillRV_S160_S160_R1_001.fastq.gz,/n/scratch/groups/mgh/kwon/will_paired_rv_20250917/demultiplexed/WillRV_S160_S160_R2_001.fastq.gz
WillRV_S161_S161,/n/scratch/groups/mgh/kwon/will_paired_rv_20250917/demultiplexed/WillRV_S161_S161_R1_001.fastq.gz,/n/scratch/groups/mgh/kwon/will_paired_rv_20250917/demultiplexed/WillRV_S161_S161_R2_001.fastq.gz
WillRV_S162_S162,/n/scratch/groups/mgh/kwon/will_paired_rv_20250917/demultiplexed/WillRV_S162_S162_R1_001.fastq.gz,/n/scratch/groups/mgh/kwon/will_paired_rv_20250917/demultiplexed/WillRV_S162_S162_R2_001.fastq.gz
WillRV_S163_S163,/n/scratch/groups/mgh/kwon/will_paired_rv_20250917/demultiplexed/WillRV_S163_S163_R1_001.fastq.gz,/n/scratch/groups/mgh/kwon/will_paired_rv_20250917/demultiplexed/WillRV_S163_S163_R2_001.fastq.gz
WillRV_S164_S164,/n/scratch/groups/mgh/kwon/will_paired_rv_20250917/demultiplexed/WillRV_S164_S164_R1_001.fastq.gz,/n/scratch/groups/mgh/kwon/will_paired_rv_20250917/demultiplexed/WillRV_S164_S164_R2_001.fastq.gz
WillRV_S165_S165,/n/scratch/groups/mgh/kwon/will_paired_rv_20250917/demultiplexed/WillRV_S165_S165_R1_001.fastq.gz,/n/scratch/groups/mgh/kwon/will_paired_rv_20250917/demultiplexed/WillRV_S165_S165_R2_001.fastq.gz
WillRV_S166_S166,/n/scratch/groups/mgh/kwon/will_paired_rv_20250917/demultiplexed/WillRV_S166_S166_R1_001.fastq.gz,/n/scratch/groups/mgh/kwon/will_paired_rv_20250917/demultiplexed/WillRV_S166_S166_R2_001.fastq.gz
WillRV_S167_S167,/n/scratch/groups/mgh/kwon/will_paired_rv_20250917/demultiplexed/WillRV_S167_S167_R1_001.fastq.gz,/n/scratch/groups/mgh/kwon/will_paired_rv_20250917/demultiplexed/WillRV_S167_S167_R2_001.fastq.gz
WillRV_S168_S168,/n/scratch/groups/mgh/kwon/will_paired_rv_20250917/demultiplexed/WillRV_S168_S168_R1_001.fastq.gz,/n/scratch/groups/mgh/kwon/will_paired_rv_20250917/demultiplexed/WillRV_S168_S168_R2_001.fastq.gz
WillRV_S169_S169,/n/scratch/groups/mgh/kwon/will_paired_rv_20250917/demultiplexed/WillRV_S169_S169_R1_001.fastq.gz,/n/scratch/groups/mgh/kwon/will_paired_rv_20250917/demultiplexed/WillRV_S169_S169_R2_001.fastq.gz
WillRV_S170_S170,/n/scratch/groups/mgh/kwon/will_paired_rv_20250917/demultiplexed/WillRV_S170_S170_R1_001.fastq.gz,/n/scratch/groups/mgh/kwon/will_paired_rv_20250917/demultiplexed/WillRV_S170_S170_R2_001.fastq.gz
WillRV_S171_S171,/n/scratch/groups/mgh/kwon/will_paired_rv_20250917/demultiplexed/WillRV_S171_S171_R1_001.fastq.gz,/n/scratch/groups/mgh/kwon/will_paired_rv_20250917/demultiplexed/WillRV_S171_S171_R2_001.fastq.gz
WillRV_S172_S172,/n/scratch/groups/mgh/kwon/will_paired_rv_20250917/demultiplexed/WillRV_S172_S172_R1_001.fastq.gz,/n/scratch/groups/mgh/kwon/will_paired_rv_20250917/demultiplexed/WillRV_S172_S172_R2_001.fastq.gz
WillRV_S173_S173,/n/scratch/groups/mgh/kwon/will_paired_rv_20250917/demultiplexed/WillRV_S173_S173_R1_001.fastq.gz,/n/scratch/groups/mgh/kwon/will_paired_rv_20250917/demultiplexed/WillRV_S173_S173_R2_001.fastq.gz
WillRV_S174_S174,/n/scratch/groups/mgh/kwon/will_paired_rv_20250917/demultiplexed/WillRV_S174_S174_R1_001.fastq.gz,/n/scratch/groups/mgh/kwon/will_paired_rv_20250917/demultiplexed/WillRV_S174_S174_R2_001.fastq.gz
WillRV_S175_S175,/n/scratch/groups/mgh/kwon/will_paired_rv_20250917/demultiplexed/WillRV_S175_S175_R1_001.fastq.gz,/n/scratch/groups/mgh/kwon/will_paired_rv_20250917/demultiplexed/WillRV_S175_S175_R2_001.fastq.gz
WillRV_S176_S176,/n/scratch/groups/mgh/kwon/will_paired_rv_20250917/demultiplexed/WillRV_S176_S176_R1_001.fastq.gz,/n/scratch/groups/mgh/kwon/will_paired_rv_20250917/demultiplexed/WillRV_S176_S176_R2_001.fastq.gz
WillRV_S177_S177,/n/scratch/groups/mgh/kwon/will_paired_rv_20250917/demultiplexed/WillRV_S177_S177_R1_001.fastq.gz,/n/scratch/groups/mgh/kwon/will_paired_rv_20250917/demultiplexed/WillRV_S177_S177_R2_001.fastq.gz
WillRV_S178_S178,/n/scratch/groups/mgh/kwon/will_paired_rv_20250917/demultiplexed/WillRV_S178_S178_R1_001.fastq.gz,/n/scratch/groups/mgh/kwon/will_paired_rv_20250917/demultiplexed/WillRV_S178_S178_R2_001.fastq.gz
WillRV_S179_S179,/n/scratch/groups/mgh/kwon/will_paired_rv_20250917/demultiplexed/WillRV_S179_S179_R1_001.fastq.gz,/n/scratch/groups/mgh/kwon/will_paired_rv_20250917/demultiplexed/WillRV_S179_S179_R2_001.fastq.gz
WillRV_S180_S180,/n/scratch/groups/mgh/kwon/will_paired_rv_20250917/demultiplexed/WillRV_S180_S180_R1_001.fastq.gz,/n/scratch/groups/mgh/kwon/will_paired_rv_20250917/demultiplexed/WillRV_S180_S180_R2_001.fastq.gz
WillRV_S181_S181,/n/scratch/groups/mgh/kwon/will_paired_rv_20250917/demultiplexed/WillRV_S181_S181_R1_001.fastq.gz,/n/scratch/groups/mgh/kwon/will_paired_rv_20250917/demultiplexed/WillRV_S181_S181_R2_001.fastq.gz
WillRV_S182_S182,/n/scratch/groups/mgh/kwon/will_paired_rv_20250917/demultiplexed/WillRV_S182_S182_R1_001.fastq.gz,/n/scratch/groups/mgh/kwon/will_paired_rv_20250917/demultiplexed/WillRV_S182_S182_R2_001.fastq.gz
WillRV_S183_S183,/n/scratch/groups/mgh/kwon/will_paired_rv_20250917/demultiplexed/WillRV_S183_S183_R1_001.fastq.gz,/n/scratch/groups/mgh/kwon/will_paired_rv_20250917/demultiplexed/WillRV_S183_S183_R2_001.fastq.gz
WillRV_S184_S184,/n/scratch/groups/mgh/kwon/will_paired_rv_20250917/demultiplexed/WillRV_S184_S184_R1_001.fastq.gz,/n/scratch/groups/mgh/kwon/will_paired_rv_20250917/demultiplexed/WillRV_S184_S184_R2_001.fastq.gz
WillRV_S185_S185,/n/scratch/groups/mgh/kwon/will_paired_rv_20250917/demultiplexed/WillRV_S185_S185_R1_001.fastq.gz,/n/scratch/groups/mgh/kwon/will_paired_rv_20250917/demultiplexed/WillRV_S185_S185_R2_001.fastq.gz
WillRV_S186_S186,/n/scratch/groups/mgh/kwon/will_paired_rv_20250917/demultiplexed/WillRV_S186_S186_R1_001.fastq.gz,/n/scratch/groups/mgh/kwon/will_paired_rv_20250917/demultiplexed/WillRV_S186_S186_R2_001.fastq.gz
WillRV_S187_S187,/n/scratch/groups/mgh/kwon/will_paired_rv_20250917/demultiplexed/WillRV_S187_S187_R1_001.fastq.gz,/n/scratch/groups/mgh/kwon/will_paired_rv_20250917/demultiplexed/WillRV_S187_S187_R2_001.fastq.gz
WillRV_S188_S188,/n/scratch/groups/mgh/kwon/will_paired_rv_20250917/demultiplexed/WillRV_S188_S188_R1_001.fastq.gz,/n/scratch/groups/mgh/kwon/will_paired_rv_20250917/demultiplexed/WillRV_S188_S188_R2_001.fastq.gz
WillRV_S189_S189,/n/scratch/groups/mgh/kwon/will_paired_rv_20250917/demultiplexed/WillRV_S189_S189_R1_001.fastq.gz,/n/scratch/groups/mgh/kwon/will_paired_rv_20250917/demultiplexed/WillRV_S189_S189_R2_001.fastq.gz
WillRV_S190_S190,/n/scratch/groups/mgh/kwon/will_paired_rv_20250917/demultiplexed/WillRV_S190_S190_R1_001.fastq.gz,/n/scratch/groups/mgh/kwon/will_paired_rv_20250917/demultiplexed/WillRV_S190_S190_R2_001.fastq.gz
WillRV_S191_S191,/n/scratch/groups/mgh/kwon/will_paired_rv_20250917/demultiplexed/WillRV_S191_S191_R1_001.fastq.gz,/n/scratch/groups/mgh/kwon/will_paired_rv_20250917/demultiplexed/WillRV_S191_S191_R2_001.fastq.gz
WillRV_S192_S192,/n/scratch/groups/mgh/kwon/will_paired_rv_20250917/demultiplexed/WillRV_S192_S192_R1_001.fastq.gz,/n/scratch/groups/mgh/kwon/will_paired_rv_20250917/demultiplexed/WillRV_S192_S192_R2_001.fastq.gz
WillRV_S193_S193,/n/scratch/groups/mgh/kwon/will_paired_rv_20250917/demultiplexed/WillRV_S193_S193_R1_001.fastq.gz,/n/scratch/groups/mgh/kwon/will_paired_rv_20250917/demultiplexed/WillRV_S193_S193_R2_001.fastq.gz
WillRV_S194_S194,/n/scratch/groups/mgh/kwon/will_paired_rv_20250917/demultiplexed/WillRV_S194_S194_R1_001.fastq.gz,/n/scratch/groups/mgh/kwon/will_paired_rv_20250917/demultiplexed/WillRV_S194_S194_R2_001.fastq.gz
WillRV_S195_S195,/n/scratch/groups/mgh/kwon/will_paired_rv_20250917/demultiplexed/WillRV_S195_S195_R1_001.fastq.gz,/n/scratch/groups/mgh/kwon/will_paired_rv_20250917/demultiplexed/WillRV_S195_S195_R2_001.fastq.gz
WillRV_S196_S196,/n/scratch/groups/mgh/kwon/will_paired_rv_20250917/demultiplexed/WillRV_S196_S196_R1_001.fastq.gz,/n/scratch/groups/mgh/kwon/will_paired_rv_20250917/demultiplexed/WillRV_S196_S196_R2_001.fastq.gz
WillRV_S197_S197,/n/scratch/groups/mgh/kwon/will_paired_rv_20250917/demultiplexed/WillRV_S197_S197_R1_001.fastq.gz,/n/scratch/groups/mgh/kwon/will_paired_rv_20250917/demultiplexed/WillRV_S197_S197_R2_001.fastq.gz
WillRV_S198_S198,/n/scratch/groups/mgh/kwon/will_paired_rv_20250917/demultiplexed/WillRV_S198_S198_R1_001.fastq.gz,/n/scratch/groups/mgh/kwon/will_paired_rv_20250917/demultiplexed/WillRV_S198_S198_R2_001.fastq.gz
WillRV_S199_S199,/n/scratch/groups/mgh/kwon/will_paired_rv_20250917/demultiplexed/WillRV_S199_S199_R1_001.fastq.gz,/n/scratch/groups/mgh/kwon/will_paired_rv_20250917/demultiplexed/WillRV_S199_S199_R2_001.fastq.gz
WillRV_S200_S200,/n/scratch/groups/mgh/kwon/will_paired_rv_20250917/demultiplexed/WillRV_S200_S200_R1_001.fastq.gz,/n/scratch/groups/mgh/kwon/will_paired_rv_20250917/demultiplexed/WillRV_S200_S200_R2_001.fastq.gz
WillRV_S201_S201,/n/scratch/groups/mgh/kwon/will_paired_rv_20250917/demultiplexed/WillRV_S201_S201_R1_001.fastq.gz,/n/scratch/groups/mgh/kwon/will_paired_rv_20250917/demultiplexed/WillRV_S201_S201_R2_001.fastq.gz
WillRV_S202_S202,/n/scratch/groups/mgh/kwon/will_paired_rv_20250917/demultiplexed/WillRV_S202_S202_R1_001.fastq.gz,/n/scratch/groups/mgh/kwon/will_paired_rv_20250917/demultiplexed/WillRV_S202_S202_R2_001.fastq.gz
WillRV_S203_S203,/n/scratch/groups/mgh/kwon/will_paired_rv_20250917/demultiplexed/WillRV_S203_S203_R1_001.fastq.gz,/n/scratch/groups/mgh/kwon/will_paired_rv_20250917/demultiplexed/WillRV_S203_S203_R2_001.fastq.gz
WillRV_S204_S204,/n/scratch/groups/mgh/kwon/will_paired_rv_20250917/demultiplexed/WillRV_S204_S204_R1_001.fastq.gz,/n/scratch/groups/mgh/kwon/will_paired_rv_20250917/demultiplexed/WillRV_S204_S204_R2_001.fastq.gz
WillRV_S205_S205,/n/scratch/groups/mgh/kwon/will_paired_rv_20250917/demultiplexed/WillRV_S205_S205_R1_001.fastq.gz,/n/scratch/groups/mgh/kwon/will_paired_rv_20250917/demultiplexed/WillRV_S205_S205_R2_001.fastq.gz
WillRV_S206_S206,/n/scratch/groups/mgh/kwon/will_paired_rv_20250917/demultiplexed/WillRV_S206_S206_R1_001.fastq.gz,/n/scratch/groups/mgh/kwon/will_paired_rv_20250917/demultiplexed/WillRV_S206_S206_R2_001.fastq.gz
WillRV_S207_S207,/n/scratch/groups/mgh/kwon/will_paired_rv_20250917/demultiplexed/WillRV_S207_S207_R1_001.fastq.gz,/n/scratch/groups/mgh/kwon/will_paired_rv_20250917/demultiplexed/WillRV_S207_S207_R2_001.fastq.gz
WillRV_S208_S208,/n/scratch/groups/mgh/kwon/will_paired_rv_20250917/demultiplexed/WillRV_S208_S208_R1_001.fastq.gz,/n/scratch/groups/mgh/kwon/will_paired_rv_20250917/demultiplexed/WillRV_S208_S208_R2_001.fastq.gz
WillRV_S209_S209,/n/scratch/groups/mgh/kwon/will_paired_rv_20250917/demultiplexed/WillRV_S209_S209_R1_001.fastq.gz,/n/scratch/groups/mgh/kwon/will_paired_rv_20250917/demultiplexed/WillRV_S209_S209_R2_001.fastq.gz
WillRV_S210_S210,/n/scratch/groups/mgh/kwon/will_paired_rv_20250917/demultiplexed/WillRV_S210_S210_R1_001.fastq.gz,/n/scratch/groups/mgh/kwon/will_paired_rv_20250917/demultiplexed/WillRV_S210_S210_R2_001.fastq.gz
WillRV_S211_S211,/n/scratch/groups/mgh/kwon/will_paired_rv_20250917/demultiplexed/WillRV_S211_S211_R1_001.fastq.gz,/n/scratch/groups/mgh/kwon/will_paired_rv_20250917/demultiplexed/WillRV_S211_S211_R2_001.fastq.gz
WillRV_S212_S212,/n/scratch/groups/mgh/kwon/will_paired_rv_20250917/demultiplexed/WillRV_S212_S212_R1_001.fastq.gz,/n/scratch/groups/mgh/kwon/will_paired_rv_20250917/demultiplexed/WillRV_S212_S212_R2_001.fastq.gz
WillRV_S213_S213,/n/scratch/groups/mgh/kwon/will_paired_rv_20250917/demultiplexed/WillRV_S213_S213_R1_001.fastq.gz,/n/scratch/groups/mgh/kwon/will_paired_rv_20250917/demultiplexed/WillRV_S213_S213_R2_001.fastq.gz
WillRV_S214_S214,/n/scratch/groups/mgh/kwon/will_paired_rv_20250917/demultiplexed/WillRV_S214_S214_R1_001.fastq.gz,/n/scratch/groups/mgh/kwon/will_paired_rv_20250917/demultiplexed/WillRV_S214_S214_R2_001.fastq.gz
WillRV_S215_S215,/n/scratch/groups/mgh/kwon/will_paired_rv_20250917/demultiplexed/WillRV_S215_S215_R1_001.fastq.gz,/n/scratch/groups/mgh/kwon/will_paired_rv_20250917/demultiplexed/WillRV_S215_S215_R2_001.fastq.gz
WillRV_S216_S216,/n/scratch/groups/mgh/kwon/will_paired_rv_20250917/demultiplexed/WillRV_S216_S216_R1_001.fastq.gz,/n/scratch/groups/mgh/kwon/will_paired_rv_20250917/demultiplexed/WillRV_S216_S216_R2_001.fastq.gz
WillRV_S217_S217,/n/scratch/groups/mgh/kwon/will_paired_rv_20250917/demultiplexed/WillRV_S217_S217_R1_001.fastq.gz,/n/scratch/groups/mgh/kwon/will_paired_rv_20250917/demultiplexed/WillRV_S217_S217_R2_001.fastq.gz
WillRV_S218_S218,/n/scratch/groups/mgh/kwon/will_paired_rv_20250917/demultiplexed/WillRV_S218_S218_R1_001.fastq.gz,/n/scratch/groups/mgh/kwon/will_paired_rv_20250917/demultiplexed/WillRV_S218_S218_R2_001.fastq.gz
WillRV_S219_S219,/n/scratch/groups/mgh/kwon/will_paired_rv_20250917/demultiplexed/WillRV_S219_S219_R1_001.fastq.gz,/n/scratch/groups/mgh/kwon/will_paired_rv_20250917/demultiplexed/WillRV_S219_S219_R2_001.fastq.gz
WillRV_S220_S220,/n/scratch/groups/mgh/kwon/will_paired_rv_20250917/demultiplexed/WillRV_S220_S220_R1_001.fastq.gz,/n/scratch/groups/mgh/kwon/will_paired_rv_20250917/demultiplexed/WillRV_S220_S220_R2_001.fastq.gz
WillRV_S221_S221,/n/scratch/groups/mgh/kwon/will_paired_rv_20250917/demultiplexed/WillRV_S221_S221_R1_001.fastq.gz,/n/scratch/groups/mgh/kwon/will_paired_rv_20250917/demultiplexed/WillRV_S221_S221_R2_001.fastq.gz
WillRV_S222_S222,/n/scratch/groups/mgh/kwon/will_paired_rv_20250917/demultiplexed/WillRV_S222_S222_R1_001.fastq.gz,/n/scratch/groups/mgh/kwon/will_paired_rv_20250917/demultiplexed/WillRV_S222_S222_R2_001.fastq.gz
WillRV_S223_S223,/n/scratch/groups/mgh/kwon/will_paired_rv_20250917/demultiplexed/WillRV_S223_S223_R1_001.fastq.gz,/n/scratch/groups/mgh/kwon/will_paired_rv_20250917/demultiplexed/WillRV_S223_S223_R2_001.fastq.gz
WillRV_S224_S224,/n/scratch/groups/mgh/kwon/will_paired_rv_20250917/demultiplexed/WillRV_S224_S224_R1_001.fastq.gz,/n/scratch/groups/mgh/kwon/will_paired_rv_20250917/demultiplexed/WillRV_S224_S224_R2_001.fastq.gz
WillRV_S225_S225,/n/scratch/groups/mgh/kwon/will_paired_rv_20250917/demultiplexed/WillRV_S225_S225_R1_001.fastq.gz,/n/scratch/groups/mgh/kwon/will_paired_rv_20250917/demultiplexed/WillRV_S225_S225_R2_001.fastq.gz
WillRV_S226_S226,/n/scratch/groups/mgh/kwon/will_paired_rv_20250917/demultiplexed/WillRV_S226_S226_R1_001.fastq.gz,/n/scratch/groups/mgh/kwon/will_paired_rv_20250917/demultiplexed/WillRV_S226_S226_R2_001.fastq.gz
WillRV_S227_S227,/n/scratch/groups/mgh/kwon/will_paired_rv_20250917/demultiplexed/WillRV_S227_S227_R1_001.fastq.gz,/n/scratch/groups/mgh/kwon/will_paired_rv_20250917/demultiplexed/WillRV_S227_S227_R2_001.fastq.gz
WillRV_S228_S228,/n/scratch/groups/mgh/kwon/will_paired_rv_20250917/demultiplexed/WillRV_S228_S228_R1_001.fastq.gz,/n/scratch/groups/mgh/kwon/will_paired_rv_20250917/demultiplexed/WillRV_S228_S228_R2_001.fastq.gz
WillRV_S229_S229,/n/scratch/groups/mgh/kwon/will_paired_rv_20250917/demultiplexed/WillRV_S229_S229_R1_001.fastq.gz,/n/scratch/groups/mgh/kwon/will_paired_rv_20250917/demultiplexed/WillRV_S229_S229_R2_001.fastq.gz
WillRV_S230_S230,/n/scratch/groups/mgh/kwon/will_paired_rv_20250917/demultiplexed/WillRV_S230_S230_R1_001.fastq.gz,/n/scratch/groups/mgh/kwon/will_paired_rv_20250917/demultiplexed/WillRV_S230_S230_R2_001.fastq.gz
WillRV_S231_S231,/n/scratch/groups/mgh/kwon/will_paired_rv_20250917/demultiplexed/WillRV_S231_S231_R1_001.fastq.gz,/n/scratch/groups/mgh/kwon/will_paired_rv_20250917/demultiplexed/WillRV_S231_S231_R2_001.fastq.gz
WillRV_S232_S232,/n/scratch/groups/mgh/kwon/will_paired_rv_20250917/demultiplexed/WillRV_S232_S232_R1_001.fastq.gz,/n/scratch/groups/mgh/kwon/will_paired_rv_20250917/demultiplexed/WillRV_S232_S232_R2_001.fastq.gz
WillRV_S233_S233,/n/scratch/groups/mgh/kwon/will_paired_rv_20250917/demultiplexed/WillRV_S233_S233_R1_001.fastq.gz,/n/scratch/groups/mgh/kwon/will_paired_rv_20250917/demultiplexed/WillRV_S233_S233_R2_001.fastq.gz
WillRV_S234_S234,/n/scratch/groups/mgh/kwon/will_paired_rv_20250917/demultiplexed/WillRV_S234_S234_R1_001.fastq.gz,/n/scratch/groups/mgh/kwon/will_paired_rv_20250917/demultiplexed/WillRV_S234_S234_R2_001.fastq.gz
WillRV_S235_S235,/n/scratch/groups/mgh/kwon/will_paired_rv_20250917/demultiplexed/WillRV_S235_S235_R1_001.fastq.gz,/n/scratch/groups/mgh/kwon/will_paired_rv_20250917/demultiplexed/WillRV_S235_S235_R2_001.fastq.gz
WillRV_S236_S236,/n/scratch/groups/mgh/kwon/will_paired_rv_20250917/demultiplexed/WillRV_S236_S236_R1_001.fastq.gz,/n/scratch/groups/mgh/kwon/will_paired_rv_20250917/demultiplexed/WillRV_S236_S236_R2_001.fastq.gz
WillRV_S237_S237,/n/scratch/groups/mgh/kwon/will_paired_rv_20250917/demultiplexed/WillRV_S237_S237_R1_001.fastq.gz,/n/scratch/groups/mgh/kwon/will_paired_rv_20250917/demultiplexed/WillRV_S237_S237_R2_001.fastq.gz
WillRV_S238_S238,/n/scratch/groups/mgh/kwon/will_paired_rv_20250917/demultiplexed/WillRV_S238_S238_R1_001.fastq.gz,/n/scratch/groups/mgh/kwon/will_paired_rv_20250917/demultiplexed/WillRV_S238_S238_R2_001.fastq.gz
WillRV_S239_S239,/n/scratch/groups/mgh/kwon/will_paired_rv_20250917/demultiplexed/WillRV_S239_S239_R1_001.fastq.gz,/n/scratch/groups/mgh/kwon/will_paired_rv_20250917/demultiplexed/WillRV_S239_S239_R2_001.fastq.gz
WillRV_S240_S240,/n/scratch/groups/mgh/kwon/will_paired_rv_20250917/demultiplexed/WillRV_S240_S240_R1_001.fastq.gz,/n/scratch/groups/mgh/kwon/will_paired_rv_20250917/demultiplexed/WillRV_S240_S240_R2_001.fastq.gz
WillRV_S241_S241,/n/scratch/groups/mgh/kwon/will_paired_rv_20250917/demultiplexed/WillRV_S241_S241_R1_001.fastq.gz,/n/scratch/groups/mgh/kwon/will_paired_rv_20250917/demultiplexed/WillRV_S241_S241_R2_001.fastq.gz
WillRV_S242_S242,/n/scratch/groups/mgh/kwon/will_paired_rv_20250917/demultiplexed/WillRV_S242_S242_R1_001.fastq.gz,/n/scratch/groups/mgh/kwon/will_paired_rv_20250917/demultiplexed/WillRV_S242_S242_R2_001.fastq.gz
WillRV_S243_S243,/n/scratch/groups/mgh/kwon/will_paired_rv_20250917/demultiplexed/WillRV_S243_S243_R1_001.fastq.gz,/n/scratch/groups/mgh/kwon/will_paired_rv_20250917/demultiplexed/WillRV_S243_S243_R2_001.fastq.gz
WillRV_S244_S244,/n/scratch/groups/mgh/kwon/will_paired_rv_20250917/demultiplexed/WillRV_S244_S244_R1_001.fastq.gz,/n/scratch/groups/mgh/kwon/will_paired_rv_20250917/demultiplexed/WillRV_S244_S244_R2_001.fastq.gz
WillRV_S245_S245,/n/scratch/groups/mgh/kwon/will_paired_rv_20250917/demultiplexed/WillRV_S245_S245_R1_001.fastq.gz,/n/scratch/groups/mgh/kwon/will_paired_rv_20250917/demultiplexed/WillRV_S245_S245_R2_001.fastq.gz
WillRV_S246_S246,/n/scratch/groups/mgh/kwon/will_paired_rv_20250917/demultiplexed/WillRV_S246_S246_R1_001.fastq.gz,/n/scratch/groups/mgh/kwon/will_paired_rv_20250917/demultiplexed/WillRV_S246_S246_R2_001.fastq.gz
WillRV_S247_S247,/n/scratch/groups/mgh/kwon/will_paired_rv_20250917/demultiplexed/WillRV_S247_S247_R1_001.fastq.gz,/n/scratch/groups/mgh/kwon/will_paired_rv_20250917/demultiplexed/WillRV_S247_S247_R2_001.fastq.gz
WillRV_S248_S248,/n/scratch/groups/mgh/kwon/will_paired_rv_20250917/demultiplexed/WillRV_S248_S248_R1_001.fastq.gz,/n/scratch/groups/mgh/kwon/will_paired_rv_20250917/demultiplexed/WillRV_S248_S248_R2_001.fastq.gz
WillRV_S249_S249,/n/scratch/groups/mgh/kwon/will_paired_rv_20250917/demultiplexed/WillRV_S249_S249_R1_001.fastq.gz,/n/scratch/groups/mgh/kwon/will_paired_rv_20250917/demultiplexed/WillRV_S249_S249_R2_001.fastq.gz
WillRV_S250_S250,/n/scratch/groups/mgh/kwon/will_paired_rv_20250917/demultiplexed/WillRV_S250_S250_R1_001.fastq.gz,/n/scratch/groups/mgh/kwon/will_paired_rv_20250917/demultiplexed/WillRV_S250_S250_R2_001.fastq.gz
WillRV_S251_S251,/n/scratch/groups/mgh/kwon/will_paired_rv_20250917/demultiplexed/WillRV_S251_S251_R1_001.fastq.gz,/n/scratch/groups/mgh/kwon/will_paired_rv_20250917/demultiplexed/WillRV_S251_S251_R2_001.fastq.gz
WillRV_S252_S252,/n/scratch/groups/mgh/kwon/will_paired_rv_20250917/demultiplexed/WillRV_S252_S252_R1_001.fastq.gz,/n/scratch/groups/mgh/kwon/will_paired_rv_20250917/demultiplexed/WillRV_S252_S252_R2_001.fastq.gz
WillRV_S253_S253,/n/scratch/groups/mgh/kwon/will_paired_rv_20250917/demultiplexed/WillRV_S253_S253_R1_001.fastq.gz,/n/scratch/groups/mgh/kwon/will_paired_rv_20250917/demultiplexed/WillRV_S253_S253_R2_001.fastq.gz
WillRV_S254_S254,/n/scratch/groups/mgh/kwon/will_paired_rv_20250917/demultiplexed/WillRV_S254_S254_R1_001.fastq.gz,/n/scratch/groups/mgh/kwon/will_paired_rv_20250917/demultiplexed/WillRV_S254_S254_R2_001.fastq.gz
WillRV_S255_S255,/n/scratch/groups/mgh/kwon/will_paired_rv_20250917/demultiplexed/WillRV_S255_S255_R1_001.fastq.gz,/n/scratch/groups/mgh/kwon/will_paired_rv_20250917/demultiplexed/WillRV_S255_S255_R2_001.fastq.gz
WillRV_S256_S256,/n/scratch/groups/mgh/kwon/will_paired_rv_20250917/demultiplexed/WillRV_S256_S256_R1_001.fastq.gz,/n/scratch/groups/mgh/kwon/will_paired_rv_20250917/demultiplexed/WillRV_S256_S256_R2_001.fastq.gz
WillRV_S257_S257,/n/scratch/groups/mgh/kwon/will_paired_rv_20250917/demultiplexed/WillRV_S257_S257_R1_001.fastq.gz,/n/scratch/groups/mgh/kwon/will_paired_rv_20250917/demultiplexed/WillRV_S257_S257_R2_001.fastq.gz
WillRV_S258_S258,/n/scratch/groups/mgh/kwon/will_paired_rv_20250917/demultiplexed/WillRV_S258_S258_R1_001.fastq.gz,/n/scratch/groups/mgh/kwon/will_paired_rv_20250917/demultiplexed/WillRV_S258_S258_R2_001.fastq.gz
WillRV_S259_S259,/n/scratch/groups/mgh/kwon/will_paired_rv_20250917/demultiplexed/WillRV_S259_S259_R1_001.fastq.gz,/n/scratch/groups/mgh/kwon/will_paired_rv_20250917/demultiplexed/WillRV_S259_S259_R2_001.fastq.gz
WillRV_S260_S260,/n/scratch/groups/mgh/kwon/will_paired_rv_20250917/demultiplexed/WillRV_S260_S260_R1_001.fastq.gz,/n/scratch/groups/mgh/kwon/will_paired_rv_20250917/demultiplexed/WillRV_S260_S260_R2_001.fastq.gz
WillRV_S261_S261,/n/scratch/groups/mgh/kwon/will_paired_rv_20250917/demultiplexed/WillRV_S261_S261_R1_001.fastq.gz,/n/scratch/groups/mgh/kwon/will_paired_rv_20250917/demultiplexed/WillRV_S261_S261_R2_001.fastq.gz
WillRV_S262_S262,/n/scratch/groups/mgh/kwon/will_paired_rv_20250917/demultiplexed/WillRV_S262_S262_R1_001.fastq.gz,/n/scratch/groups/mgh/kwon/will_paired_rv_20250917/demultiplexed/WillRV_S262_S262_R2_001.fastq.gz
WillRV_S263_S263,/n/scratch/groups/mgh/kwon/will_paired_rv_20250917/demultiplexed/WillRV_S263_S263_R1_001.fastq.gz,/n/scratch/groups/mgh/kwon/will_paired_rv_20250917/demultiplexed/WillRV_S263_S263_R2_001.fastq.gz
WillRV_S264_S264,/n/scratch/groups/mgh/kwon/will_paired_rv_20250917/demultiplexed/WillRV_S264_S264_R1_001.fastq.gz,/n/scratch/groups/mgh/kwon/will_paired_rv_20250917/demultiplexed/WillRV_S264_S264_R2_001.fastq.gz
WillRV_S265_S265,/n/scratch/groups/mgh/kwon/will_paired_rv_20250917/demultiplexed/WillRV_S265_S265_R1_001.fastq.gz,/n/scratch/groups/mgh/kwon/will_paired_rv_20250917/demultiplexed/WillRV_S265_S265_R2_001.fastq.gz
WillRV_S266_S266,/n/scratch/groups/mgh/kwon/will_paired_rv_20250917/demultiplexed/WillRV_S266_S266_R1_001.fastq.gz,/n/scratch/groups/mgh/kwon/will_paired_rv_20250917/demultiplexed/WillRV_S266_S266_R2_001.fastq.gz
WillRV_S267_S267,/n/scratch/groups/mgh/kwon/will_paired_rv_20250917/demultiplexed/WillRV_S267_S267_R1_001.fastq.gz,/n/scratch/groups/mgh/kwon/will_paired_rv_20250917/demultiplexed/WillRV_S267_S267_R2_001.fastq.gz
WillRV_S268_S268,/n/scratch/groups/mgh/kwon/will_paired_rv_20250917/demultiplexed/WillRV_S268_S268_R1_001.fastq.gz,/n/scratch/groups/mgh/kwon/will_paired_rv_20250917/demultiplexed/WillRV_S268_S268_R2_001.fastq.gz
WillRV_S269_S269,/n/scratch/groups/mgh/kwon/will_paired_rv_20250917/demultiplexed/WillRV_S269_S269_R1_001.fastq.gz,/n/scratch/groups/mgh/kwon/will_paired_rv_20250917/demultiplexed/WillRV_S269_S269_R2_001.fastq.gz
WillRV_S270_S270,/n/scratch/groups/mgh/kwon/will_paired_rv_20250917/demultiplexed/WillRV_S270_S270_R1_001.fastq.gz,/n/scratch/groups/mgh/kwon/will_paired_rv_20250917/demultiplexed/WillRV_S270_S270_R2_001.fastq.gz
WillRV_S271_S271,/n/scratch/groups/mgh/kwon/will_paired_rv_20250917/demultiplexed/WillRV_S271_S271_R1_001.fastq.gz,/n/scratch/groups/mgh/kwon/will_paired_rv_20250917/demultiplexed/WillRV_S271_S271_R2_001.fastq.gz
WillRV_S272_S272,/n/scratch/groups/mgh/kwon/will_paired_rv_20250917/demultiplexed/WillRV_S272_S272_R1_001.fastq.gz,/n/scratch/groups/mgh/kwon/will_paired_rv_20250917/demultiplexed/WillRV_S272_S272_R2_001.fastq.gz
WillRV_S273_S273,/n/scratch/groups/mgh/kwon/will_paired_rv_20250917/demultiplexed/WillRV_S273_S273_R1_001.fastq.gz,/n/scratch/groups/mgh/kwon/will_paired_rv_20250917/demultiplexed/WillRV_S273_S273_R2_001.fastq.gz
WillRV_S274_S274,/n/scratch/groups/mgh/kwon/will_paired_rv_20250917/demultiplexed/WillRV_S274_S274_R1_001.fastq.gz,/n/scratch/groups/mgh/kwon/will_paired_rv_20250917/demultiplexed/WillRV_S274_S274_R2_001.fastq.gz
WillRV_S275_S275,/n/scratch/groups/mgh/kwon/will_paired_rv_20250917/demultiplexed/WillRV_S275_S275_R1_001.fastq.gz,/n/scratch/groups/mgh/kwon/will_paired_rv_20250917/demultiplexed/WillRV_S275_S275_R2_001.fastq.gz
WillRV_S276_S276,/n/scratch/groups/mgh/kwon/will_paired_rv_20250917/demultiplexed/WillRV_S276_S276_R1_001.fastq.gz,/n/scratch/groups/mgh/kwon/will_paired_rv_20250917/demultiplexed/WillRV_S276_S276_R2_001.fastq.gz
WillRV_S277_S277,/n/scratch/groups/mgh/kwon/will_paired_rv_20250917/demultiplexed/WillRV_S277_S277_R1_001.fastq.gz,/n/scratch/groups/mgh/kwon/will_paired_rv_20250917/demultiplexed/WillRV_S277_S277_R2_001.fastq.gz
WillRV_S278_S278,/n/scratch/groups/mgh/kwon/will_paired_rv_20250917/demultiplexed/WillRV_S278_S278_R1_001.fastq.gz,/n/scratch/groups/mgh/kwon/will_paired_rv_20250917/demultiplexed/WillRV_S278_S278_R2_001.fastq.gz
WillRV_S279_S279,/n/scratch/groups/mgh/kwon/will_paired_rv_20250917/demultiplexed/WillRV_S279_S279_R1_001.fastq.gz,/n/scratch/groups/mgh/kwon/will_paired_rv_20250917/demultiplexed/WillRV_S279_S279_R2_001.fastq.gz
WillRV_S280_S280,/n/scratch/groups/mgh/kwon/will_paired_rv_20250917/demultiplexed/WillRV_S280_S280_R1_001.fastq.gz,/n/scratch/groups/mgh/kwon/will_paired_rv_20250917/demultiplexed/WillRV_S280_S280_R2_001.fastq.gz
WillRV_S281_S281,/n/scratch/groups/mgh/kwon/will_paired_rv_20250917/demultiplexed/WillRV_S281_S281_R1_001.fastq.gz,/n/scratch/groups/mgh/kwon/will_paired_rv_20250917/demultiplexed/WillRV_S281_S281_R2_001.fastq.gz
WillRV_S282_S282,/n/scratch/groups/mgh/kwon/will_paired_rv_20250917/demultiplexed/WillRV_S282_S282_R1_001.fastq.gz,/n/scratch/groups/mgh/kwon/will_paired_rv_20250917/demultiplexed/WillRV_S282_S282_R2_001.fastq.gz
WillRV_S283_S283,/n/scratch/groups/mgh/kwon/will_paired_rv_20250917/demultiplexed/WillRV_S283_S283_R1_001.fastq.gz,/n/scratch/groups/mgh/kwon/will_paired_rv_20250917/demultiplexed/WillRV_S283_S283_R2_001.fastq.gz
WillRV_S284_S284,/n/scratch/groups/mgh/kwon/will_paired_rv_20250917/demultiplexed/WillRV_S284_S284_R1_001.fastq.gz,/n/scratch/groups/mgh/kwon/will_paired_rv_20250917/demultiplexed/WillRV_S284_S284_R2_001.fastq.gz
WillRV_S285_S285,/n/scratch/groups/mgh/kwon/will_paired_rv_20250917/demultiplexed/WillRV_S285_S285_R1_001.fastq.gz,/n/scratch/groups/mgh/kwon/will_paired_rv_20250917/demultiplexed/WillRV_S285_S285_R2_001.fastq.gz
WillRV_S286_S286,/n/scratch/groups/mgh/kwon/will_paired_rv_20250917/demultiplexed/WillRV_S286_S286_R1_001.fastq.gz,/n/scratch/groups/mgh/kwon/will_paired_rv_20250917/demultiplexed/WillRV_S286_S286_R2_001.fastq.gz
WillRV_S287_S287,/n/scratch/groups/mgh/kwon/will_paired_rv_20250917/demultiplexed/WillRV_S287_S287_R1_001.fastq.gz,/n/scratch/groups/mgh/kwon/will_paired_rv_20250917/demultiplexed/WillRV_S287_S287_R2_001.fastq.gz
WillRV_S288_S288,/n/scratch/groups/mgh/kwon/will_paired_rv_20250917/demultiplexed/WillRV_S288_S288_R1_001.fastq.gz,/n/scratch/groups/mgh/kwon/will_paired_rv_20250917/demultiplexed/WillRV_S288_S288_R2_001.fastq.gz
WillRV_S289_S289,/n/scratch/groups/mgh/kwon/will_paired_rv_20250917/demultiplexed/WillRV_S289_S289_R1_001.fastq.gz,/n/scratch/groups/mgh/kwon/will_paired_rv_20250917/demultiplexed/WillRV_S289_S289_R2_001.fastq.gz
WillRV_S290_S290,/n/scratch/groups/mgh/kwon/will_paired_rv_20250917/demultiplexed/WillRV_S290_S290_R1_001.fastq.gz,/n/scratch/groups/mgh/kwon/will_paired_rv_20250917/demultiplexed/WillRV_S290_S290_R2_001.fastq.gz
WillRV_S291_S291,/n/scratch/groups/mgh/kwon/will_paired_rv_20250917/demultiplexed/WillRV_S291_S291_R1_001.fastq.gz,/n/scratch/groups/mgh/kwon/will_paired_rv_20250917/demultiplexed/WillRV_S291_S291_R2_001.fastq.gz
WillRV_S292_S292,/n/scratch/groups/mgh/kwon/will_paired_rv_20250917/demultiplexed/WillRV_S292_S292_R1_001.fastq.gz,/n/scratch/groups/mgh/kwon/will_paired_rv_20250917/demultiplexed/WillRV_S292_S292_R2_001.fastq.gz
WillRV_S293_S293,/n/scratch/groups/mgh/kwon/will_paired_rv_20250917/demultiplexed/WillRV_S293_S293_R1_001.fastq.gz,/n/scratch/groups/mgh/kwon/will_paired_rv_20250917/demultiplexed/WillRV_S293_S293_R2_001.fastq.gz
WillRV_S294_S294,/n/scratch/groups/mgh/kwon/will_paired_rv_20250917/demultiplexed/WillRV_S294_S294_R1_001.fastq.gz,/n/scratch/groups/mgh/kwon/will_paired_rv_20250917/demultiplexed/WillRV_S294_S294_R2_001.fastq.gz
WillRV_S295_S295,/n/scratch/groups/mgh/kwon/will_paired_rv_20250917/demultiplexed/WillRV_S295_S295_R1_001.fastq.gz,/n/scratch/groups/mgh/kwon/will_paired_rv_20250917/demultiplexed/WillRV_S295_S295_R2_001.fastq.gz
WillRV_S296_S296,/n/scratch/groups/mgh/kwon/will_paired_rv_20250917/demultiplexed/WillRV_S296_S296_R1_001.fastq.gz,/n/scratch/groups/mgh/kwon/will_paired_rv_20250917/demultiplexed/WillRV_S296_S296_R2_001.fastq.gz
WillRV_S297_S297,/n/scratch/groups/mgh/kwon/will_paired_rv_20250917/demultiplexed/WillRV_S297_S297_R1_001.fastq.gz,/n/scratch/groups/mgh/kwon/will_paired_rv_20250917/demultiplexed/WillRV_S297_S297_R2_001.fastq.gz
WillRV_S298_S298,/n/scratch/groups/mgh/kwon/will_paired_rv_20250917/demultiplexed/WillRV_S298_S298_R1_001.fastq.gz,/n/scratch/groups/mgh/kwon/will_paired_rv_20250917/demultiplexed/WillRV_S298_S298_R2_001.fastq.gz
WillRV_S299_S299,/n/scratch/groups/mgh/kwon/will_paired_rv_20250917/demultiplexed/WillRV_S299_S299_R1_001.fastq.gz,/n/scratch/groups/mgh/kwon/will_paired_rv_20250917/demultiplexed/WillRV_S299_S299_R2_001.fastq.gz
WillRV_S300_S300,/n/scratch/groups/mgh/kwon/will_paired_rv_20250917/demultiplexed/WillRV_S300_S300_R1_001.fastq.gz,/n/scratch/groups/mgh/kwon/will_paired_rv_20250917/demultiplexed/WillRV_S300_S300_R2_001.fastq.gz
WillRV_S301_S301,/n/scratch/groups/mgh/kwon/will_paired_rv_20250917/demultiplexed/WillRV_S301_S301_R1_001.fastq.gz,/n/scratch/groups/mgh/kwon/will_paired_rv_20250917/demultiplexed/WillRV_S301_S301_R2_001.fastq.gz
WillRV_S302_S302,/n/scratch/groups/mgh/kwon/will_paired_rv_20250917/demultiplexed/WillRV_S302_S302_R1_001.fastq.gz,/n/scratch/groups/mgh/kwon/will_paired_rv_20250917/demultiplexed/WillRV_S302_S302_R2_001.fastq.gz
WillRV_S303_S303,/n/scratch/groups/mgh/kwon/will_paired_rv_20250917/demultiplexed/WillRV_S303_S303_R1_001.fastq.gz,/n/scratch/groups/mgh/kwon/will_paired_rv_20250917/demultiplexed/WillRV_S303_S303_R2_001.fastq.gz
WillRV_S304_S304,/n/scratch/groups/mgh/kwon/will_paired_rv_20250917/demultiplexed/WillRV_S304_S304_R1_001.fastq.gz,/n/scratch/groups/mgh/kwon/will_paired_rv_20250917/demultiplexed/WillRV_S304_S304_R2_001.fastq.gz
WillRV_S305_S305,/n/scratch/groups/mgh/kwon/will_paired_rv_20250917/demultiplexed/WillRV_S305_S305_R1_001.fastq.gz,/n/scratch/groups/mgh/kwon/will_paired_rv_20250917/demultiplexed/WillRV_S305_S305_R2_001.fastq.gz
WillRV_S306_S306,/n/scratch/groups/mgh/kwon/will_paired_rv_20250917/demultiplexed/WillRV_S306_S306_R1_001.fastq.gz,/n/scratch/groups/mgh/kwon/will_paired_rv_20250917/demultiplexed/WillRV_S306_S306_R2_001.fastq.gz
WillRV_S307_S307,/n/scratch/groups/mgh/kwon/will_paired_rv_20250917/demultiplexed/WillRV_S307_S307_R1_001.fastq.gz,/n/scratch/groups/mgh/kwon/will_paired_rv_20250917/demultiplexed/WillRV_S307_S307_R2_001.fastq.gz
WillRV_S308_S308,/n/scratch/groups/mgh/kwon/will_paired_rv_20250917/demultiplexed/WillRV_S308_S308_R1_001.fastq.gz,/n/scratch/groups/mgh/kwon/will_paired_rv_20250917/demultiplexed/WillRV_S308_S308_R2_001.fastq.gz
WillRV_S309_S309,/n/scratch/groups/mgh/kwon/will_paired_rv_20250917/demultiplexed/WillRV_S309_S309_R1_001.fastq.gz,/n/scratch/groups/mgh/kwon/will_paired_rv_20250917/demultiplexed/WillRV_S309_S309_R2_001.fastq.gz
WillRV_S310_S310,/n/scratch/groups/mgh/kwon/will_paired_rv_20250917/demultiplexed/WillRV_S310_S310_R1_001.fastq.gz,/n/scratch/groups/mgh/kwon/will_paired_rv_20250917/demultiplexed/WillRV_S310_S310_R2_001.fastq.gz
WillRV_S311_S311,/n/scratch/groups/mgh/kwon/will_paired_rv_20250917/demultiplexed/WillRV_S311_S311_R1_001.fastq.gz,/n/scratch/groups/mgh/kwon/will_paired_rv_20250917/demultiplexed/WillRV_S311_S311_R2_001.fastq.gz
WillRV_S312_S312,/n/scratch/groups/mgh/kwon/will_paired_rv_20250917/demultiplexed/WillRV_S312_S312_R1_001.fastq.gz,/n/scratch/groups/mgh/kwon/will_paired_rv_20250917/demultiplexed/WillRV_S312_S312_R2_001.fastq.gz
WillRV_S313_S313,/n/scratch/groups/mgh/kwon/will_paired_rv_20250917/demultiplexed/WillRV_S313_S313_R1_001.fastq.gz,/n/scratch/groups/mgh/kwon/will_paired_rv_20250917/demultiplexed/WillRV_S313_S313_R2_001.fastq.gz
WillRV_S314_S314,/n/scratch/groups/mgh/kwon/will_paired_rv_20250917/demultiplexed/WillRV_S314_S314_R1_001.fastq.gz,/n/scratch/groups/mgh/kwon/will_paired_rv_20250917/demultiplexed/WillRV_S314_S314_R2_001.fastq.gz
WillRV_S315_S315,/n/scratch/groups/mgh/kwon/will_paired_rv_20250917/demultiplexed/WillRV_S315_S315_R1_001.fastq.gz,/n/scratch/groups/mgh/kwon/will_paired_rv_20250917/demultiplexed/WillRV_S315_S315_R2_001.fastq.gz
WillRV_S316_S316,/n/scratch/groups/mgh/kwon/will_paired_rv_20250917/demultiplexed/WillRV_S316_S316_R1_001.fastq.gz,/n/scratch/groups/mgh/kwon/will_paired_rv_20250917/demultiplexed/WillRV_S316_S316_R2_001.fastq.gz
WillRV_S317_S317,/n/scratch/groups/mgh/kwon/will_paired_rv_20250917/demultiplexed/WillRV_S317_S317_R1_001.fastq.gz,/n/scratch/groups/mgh/kwon/will_paired_rv_20250917/demultiplexed/WillRV_S317_S317_R2_001.fastq.gz
WillRV_S318_S318,/n/scratch/groups/mgh/kwon/will_paired_rv_20250917/demultiplexed/WillRV_S318_S318_R1_001.fastq.gz,/n/scratch/groups/mgh/kwon/will_paired_rv_20250917/demultiplexed/WillRV_S318_S318_R2_001.fastq.gz
WillRV_S319_S319,/n/scratch/groups/mgh/kwon/will_paired_rv_20250917/demultiplexed/WillRV_S319_S319_R1_001.fastq.gz,/n/scratch/groups/mgh/kwon/will_paired_rv_20250917/demultiplexed/WillRV_S319_S319_R2_001.fastq.gz
WillRV_S320_S320,/n/scratch/groups/mgh/kwon/will_paired_rv_20250917/demultiplexed/WillRV_S320_S320_R1_001.fastq.gz,/n/scratch/groups/mgh/kwon/will_paired_rv_20250917/demultiplexed/WillRV_S320_S320_R2_001.fastq.gz
WillRV_S321_S321,/n/scratch/groups/mgh/kwon/will_paired_rv_20250917/demultiplexed/WillRV_S321_S321_R1_001.fastq.gz,/n/scratch/groups/mgh/kwon/will_paired_rv_20250917/demultiplexed/WillRV_S321_S321_R2_001.fastq.gz
WillRV_S322_S322,/n/scratch/groups/mgh/kwon/will_paired_rv_20250917/demultiplexed/WillRV_S322_S322_R1_001.fastq.gz,/n/scratch/groups/mgh/kwon/will_paired_rv_20250917/demultiplexed/WillRV_S322_S322_R2_001.fastq.gz
WillRV_S323_S323,/n/scratch/groups/mgh/kwon/will_paired_rv_20250917/demultiplexed/WillRV_S323_S323_R1_001.fastq.gz,/n/scratch/groups/mgh/kwon/will_paired_rv_20250917/demultiplexed/WillRV_S323_S323_R2_001.fastq.gz
WillRV_S324_S324,/n/scratch/groups/mgh/kwon/will_paired_rv_20250917/demultiplexed/WillRV_S324_S324_R1_001.fastq.gz,/n/scratch/groups/mgh/kwon/will_paired_rv_20250917/demultiplexed/WillRV_S324_S324_R2_001.fastq.gz
WillRV_S325_S325,/n/scratch/groups/mgh/kwon/will_paired_rv_20250917/demultiplexed/WillRV_S325_S325_R1_001.fastq.gz,/n/scratch/groups/mgh/kwon/will_paired_rv_20250917/demultiplexed/WillRV_S325_S325_R2_001.fastq.gz
WillRV_S326_S326,/n/scratch/groups/mgh/kwon/will_paired_rv_20250917/demultiplexed/WillRV_S326_S326_R1_001.fastq.gz,/n/scratch/groups/mgh/kwon/will_paired_rv_20250917/demultiplexed/WillRV_S326_S326_R2_001.fastq.gz
WillRV_S327_S327,/n/scratch/groups/mgh/kwon/will_paired_rv_20250917/demultiplexed/WillRV_S327_S327_R1_001.fastq.gz,/n/scratch/groups/mgh/kwon/will_paired_rv_20250917/demultiplexed/WillRV_S327_S327_R2_001.fastq.gz
WillRV_S328_S328,/n/scratch/groups/mgh/kwon/will_paired_rv_20250917/demultiplexed/WillRV_S328_S328_R1_001.fastq.gz,/n/scratch/groups/mgh/kwon/will_paired_rv_20250917/demultiplexed/WillRV_S328_S328_R2_001.fastq.gz
WillRV_S329_S329,/n/scratch/groups/mgh/kwon/will_paired_rv_20250917/demultiplexed/WillRV_S329_S329_R1_001.fastq.gz,/n/scratch/groups/mgh/kwon/will_paired_rv_20250917/demultiplexed/WillRV_S329_S329_R2_001.fastq.gz
WillRV_S330_S330,/n/scratch/groups/mgh/kwon/will_paired_rv_20250917/demultiplexed/WillRV_S330_S330_R1_001.fastq.gz,/n/scratch/groups/mgh/kwon/will_paired_rv_20250917/demultiplexed/WillRV_S330_S330_R2_001.fastq.gz
WillRV_S331_S331,/n/scratch/groups/mgh/kwon/will_paired_rv_20250917/demultiplexed/WillRV_S331_S331_R1_001.fastq.gz,/n/scratch/groups/mgh/kwon/will_paired_rv_20250917/demultiplexed/WillRV_S331_S331_R2_001.fastq.gz
WillRV_S332_S332,/n/scratch/groups/mgh/kwon/will_paired_rv_20250917/demultiplexed/WillRV_S332_S332_R1_001.fastq.gz,/n/scratch/groups/mgh/kwon/will_paired_rv_20250917/demultiplexed/WillRV_S332_S332_R2_001.fastq.gz
WillRV_S333_S333,/n/scratch/groups/mgh/kwon/will_paired_rv_20250917/demultiplexed/WillRV_S333_S333_R1_001.fastq.gz,/n/scratch/groups/mgh/kwon/will_paired_rv_20250917/demultiplexed/WillRV_S333_S333_R2_001.fastq.gz
WillRV_S334_S334,/n/scratch/groups/mgh/kwon/will_paired_rv_20250917/demultiplexed/WillRV_S334_S334_R1_001.fastq.gz,/n/scratch/groups/mgh/kwon/will_paired_rv_20250917/demultiplexed/WillRV_S334_S334_R2_001.fastq.gz
WillRV_S335_S335,/n/scratch/groups/mgh/kwon/will_paired_rv_20250917/demultiplexed/WillRV_S335_S335_R1_001.fastq.gz,/n/scratch/groups/mgh/kwon/will_paired_rv_20250917/demultiplexed/WillRV_S335_S335_R2_001.fastq.gz
WillRV_S336_S336,/n/scratch/groups/mgh/kwon/will_paired_rv_20250917/demultiplexed/WillRV_S336_S336_R1_001.fastq.gz,/n/scratch/groups/mgh/kwon/will_paired_rv_20250917/demultiplexed/WillRV_S336_S336_R2_001.fastq.gz
WillRV_S337_S337,/n/scratch/groups/mgh/kwon/will_paired_rv_20250917/demultiplexed/WillRV_S337_S337_R1_001.fastq.gz,/n/scratch/groups/mgh/kwon/will_paired_rv_20250917/demultiplexed/WillRV_S337_S337_R2_001.fastq.gz
WillRV_S338_S338,/n/scratch/groups/mgh/kwon/will_paired_rv_20250917/demultiplexed/WillRV_S338_S338_R1_001.fastq.gz,/n/scratch/groups/mgh/kwon/will_paired_rv_20250917/demultiplexed/WillRV_S338_S338_R2_001.fastq.gz
WillRV_S339_S339,/n/scratch/groups/mgh/kwon/will_paired_rv_20250917/demultiplexed/WillRV_S339_S339_R1_001.fastq.gz,/n/scratch/groups/mgh/kwon/will_paired_rv_20250917/demultiplexed/WillRV_S339_S339_R2_001.fastq.gz
WillRV_S340_S340,/n/scratch/groups/mgh/kwon/will_paired_rv_20250917/demultiplexed/WillRV_S340_S340_R1_001.fastq.gz,/n/scratch/groups/mgh/kwon/will_paired_rv_20250917/demultiplexed/WillRV_S340_S340_R2_001.fastq.gz
WillRV_S341_S341,/n/scratch/groups/mgh/kwon/will_paired_rv_20250917/demultiplexed/WillRV_S341_S341_R1_001.fastq.gz,/n/scratch/groups/mgh/kwon/will_paired_rv_20250917/demultiplexed/WillRV_S341_S341_R2_001.fastq.gz
WillRV_S342_S342,/n/scratch/groups/mgh/kwon/will_paired_rv_20250917/demultiplexed/WillRV_S342_S342_R1_001.fastq.gz,/n/scratch/groups/mgh/kwon/will_paired_rv_20250917/demultiplexed/WillRV_S342_S342_R2_001.fastq.gz
WillRV_S343_S343,/n/scratch/groups/mgh/kwon/will_paired_rv_20250917/demultiplexed/WillRV_S343_S343_R1_001.fastq.gz,/n/scratch/groups/mgh/kwon/will_paired_rv_20250917/demultiplexed/WillRV_S343_S343_R2_001.fastq.gz
WillRV_S344_S344,/n/scratch/groups/mgh/kwon/will_paired_rv_20250917/demultiplexed/WillRV_S344_S344_R1_001.fastq.gz,/n/scratch/groups/mgh/kwon/will_paired_rv_20250917/demultiplexed/WillRV_S344_S344_R2_001.fastq.gz
WillRV_S345_S345,/n/scratch/groups/mgh/kwon/will_paired_rv_20250917/demultiplexed/WillRV_S345_S345_R1_001.fastq.gz,/n/scratch/groups/mgh/kwon/will_paired_rv_20250917/demultiplexed/WillRV_S345_S345_R2_001.fastq.gz
WillRV_S346_S346,/n/scratch/groups/mgh/kwon/will_paired_rv_20250917/demultiplexed/WillRV_S346_S346_R1_001.fastq.gz,/n/scratch/groups/mgh/kwon/will_paired_rv_20250917/demultiplexed/WillRV_S346_S346_R2_001.fastq.gz
WillRV_S347_S347,/n/scratch/groups/mgh/kwon/will_paired_rv_20250917/demultiplexed/WillRV_S347_S347_R1_001.fastq.gz,/n/scratch/groups/mgh/kwon/will_paired_rv_20250917/demultiplexed/WillRV_S347_S347_R2_001.fastq.gz
WillRV_S348_S348,/n/scratch/groups/mgh/kwon/will_paired_rv_20250917/demultiplexed/WillRV_S348_S348_R1_001.fastq.gz,/n/scratch/groups/mgh/kwon/will_paired_rv_20250917/demultiplexed/WillRV_S348_S348_R2_001.fastq.gz
WillRV_S349_S349,/n/scratch/groups/mgh/kwon/will_paired_rv_20250917/demultiplexed/WillRV_S349_S349_R1_001.fastq.gz,/n/scratch/groups/mgh/kwon/will_paired_rv_20250917/demultiplexed/WillRV_S349_S349_R2_001.fastq.gz
WillRV_S350_S350,/n/scratch/groups/mgh/kwon/will_paired_rv_20250917/demultiplexed/WillRV_S350_S350_R1_001.fastq.gz,/n/scratch/groups/mgh/kwon/will_paired_rv_20250917/demultiplexed/WillRV_S350_S350_R2_001.fastq.gz
WillRV_S351_S351,/n/scratch/groups/mgh/kwon/will_paired_rv_20250917/demultiplexed/WillRV_S351_S351_R1_001.fastq.gz,/n/scratch/groups/mgh/kwon/will_paired_rv_20250917/demultiplexed/WillRV_S351_S351_R2_001.fastq.gz
WillRV_S352_S352,/n/scratch/groups/mgh/kwon/will_paired_rv_20250917/demultiplexed/WillRV_S352_S352_R1_001.fastq.gz,/n/scratch/groups/mgh/kwon/will_paired_rv_20250917/demultiplexed/WillRV_S352_S352_R2_001.fastq.gz
WillRV_S353_S353,/n/scratch/groups/mgh/kwon/will_paired_rv_20250917/demultiplexed/WillRV_S353_S353_R1_001.fastq.gz,/n/scratch/groups/mgh/kwon/will_paired_rv_20250917/demultiplexed/WillRV_S353_S353_R2_001.fastq.gz
WillRV_S354_S354,/n/scratch/groups/mgh/kwon/will_paired_rv_20250917/demultiplexed/WillRV_S354_S354_R1_001.fastq.gz,/n/scratch/groups/mgh/kwon/will_paired_rv_20250917/demultiplexed/WillRV_S354_S354_R2_001.fastq.gz
WillRV_S355_S355,/n/scratch/groups/mgh/kwon/will_paired_rv_20250917/demultiplexed/WillRV_S355_S355_R1_001.fastq.gz,/n/scratch/groups/mgh/kwon/will_paired_rv_20250917/demultiplexed/WillRV_S355_S355_R2_001.fastq.gz
WillRV_S356_S356,/n/scratch/groups/mgh/kwon/will_paired_rv_20250917/demultiplexed/WillRV_S356_S356_R1_001.fastq.gz,/n/scratch/groups/mgh/kwon/will_paired_rv_20250917/demultiplexed/WillRV_S356_S356_R2_001.fastq.gz
WillRV_S357_S357,/n/scratch/groups/mgh/kwon/will_paired_rv_20250917/demultiplexed/WillRV_S357_S357_R1_001.fastq.gz,/n/scratch/groups/mgh/kwon/will_paired_rv_20250917/demultiplexed/WillRV_S357_S357_R2_001.fastq.gz
WillRV_S358_S358,/n/scratch/groups/mgh/kwon/will_paired_rv_20250917/demultiplexed/WillRV_S358_S358_R1_001.fastq.gz,/n/scratch/groups/mgh/kwon/will_paired_rv_20250917/demultiplexed/WillRV_S358_S358_R2_001.fastq.gz
WillRV_S359_S359,/n/scratch/groups/mgh/kwon/will_paired_rv_20250917/demultiplexed/WillRV_S359_S359_R1_001.fastq.gz,/n/scratch/groups/mgh/kwon/will_paired_rv_20250917/demultiplexed/WillRV_S359_S359_R2_001.fastq.gz
WillRV_S360_S360,/n/scratch/groups/mgh/kwon/will_paired_rv_20250917/demultiplexed/WillRV_S360_S360_R1_001.fastq.gz,/n/scratch/groups/mgh/kwon/will_paired_rv_20250917/demultiplexed/WillRV_S360_S360_R2_001.fastq.gz
WillRV_S361_S361,/n/scratch/groups/mgh/kwon/will_paired_rv_20250917/demultiplexed/WillRV_S361_S361_R1_001.fastq.gz,/n/scratch/groups/mgh/kwon/will_paired_rv_20250917/demultiplexed/WillRV_S361_S361_R2_001.fastq.gz
WillRV_S362_S362,/n/scratch/groups/mgh/kwon/will_paired_rv_20250917/demultiplexed/WillRV_S362_S362_R1_001.fastq.gz,/n/scratch/groups/mgh/kwon/will_paired_rv_20250917/demultiplexed/WillRV_S362_S362_R2_001.fastq.gz
WillRV_S363_S363,/n/scratch/groups/mgh/kwon/will_paired_rv_20250917/demultiplexed/WillRV_S363_S363_R1_001.fastq.gz,/n/scratch/groups/mgh/kwon/will_paired_rv_20250917/demultiplexed/WillRV_S363_S363_R2_001.fastq.gz
WillRV_S364_S364,/n/scratch/groups/mgh/kwon/will_paired_rv_20250917/demultiplexed/WillRV_S364_S364_R1_001.fastq.gz,/n/scratch/groups/mgh/kwon/will_paired_rv_20250917/demultiplexed/WillRV_S364_S364_R2_001.fastq.gz
WillRV_S365_S365,/n/scratch/groups/mgh/kwon/will_paired_rv_20250917/demultiplexed/WillRV_S365_S365_R1_001.fastq.gz,/n/scratch/groups/mgh/kwon/will_paired_rv_20250917/demultiplexed/WillRV_S365_S365_R2_001.fastq.gz
WillRV_S366_S366,/n/scratch/groups/mgh/kwon/will_paired_rv_20250917/demultiplexed/WillRV_S366_S366_R1_001.fastq.gz,/n/scratch/groups/mgh/kwon/will_paired_rv_20250917/demultiplexed/WillRV_S366_S366_R2_001.fastq.gz
WillRV_S367_S367,/n/scratch/groups/mgh/kwon/will_paired_rv_20250917/demultiplexed/WillRV_S367_S367_R1_001.fastq.gz,/n/scratch/groups/mgh/kwon/will_paired_rv_20250917/demultiplexed/WillRV_S367_S367_R2_001.fastq.gz
WillRV_S368_S368,/n/scratch/groups/mgh/kwon/will_paired_rv_20250917/demultiplexed/WillRV_S368_S368_R1_001.fastq.gz,/n/scratch/groups/mgh/kwon/will_paired_rv_20250917/demultiplexed/WillRV_S368_S368_R2_001.fastq.gz
WillRV_S369_S369,/n/scratch/groups/mgh/kwon/will_paired_rv_20250917/demultiplexed/WillRV_S369_S369_R1_001.fastq.gz,/n/scratch/groups/mgh/kwon/will_paired_rv_20250917/demultiplexed/WillRV_S369_S369_R2_001.fastq.gz
WillRV_S370_S370,/n/scratch/groups/mgh/kwon/will_paired_rv_20250917/demultiplexed/WillRV_S370_S370_R1_001.fastq.gz,/n/scratch/groups/mgh/kwon/will_paired_rv_20250917/demultiplexed/WillRV_S370_S370_R2_001.fastq.gz
WillRV_S371_S371,/n/scratch/groups/mgh/kwon/will_paired_rv_20250917/demultiplexed/WillRV_S371_S371_R1_001.fastq.gz,/n/scratch/groups/mgh/kwon/will_paired_rv_20250917/demultiplexed/WillRV_S371_S371_R2_001.fastq.gz
WillRV_S372_S372,/n/scratch/groups/mgh/kwon/will_paired_rv_20250917/demultiplexed/WillRV_S372_S372_R1_001.fastq.gz,/n/scratch/groups/mgh/kwon/will_paired_rv_20250917/demultiplexed/WillRV_S372_S372_R2_001.fastq.gz
WillRV_S373_S373,/n/scratch/groups/mgh/kwon/will_paired_rv_20250917/demultiplexed/WillRV_S373_S373_R1_001.fastq.gz,/n/scratch/groups/mgh/kwon/will_paired_rv_20250917/demultiplexed/WillRV_S373_S373_R2_001.fastq.gz
WillRV_S374_S374,/n/scratch/groups/mgh/kwon/will_paired_rv_20250917/demultiplexed/WillRV_S374_S374_R1_001.fastq.gz,/n/scratch/groups/mgh/kwon/will_paired_rv_20250917/demultiplexed/WillRV_S374_S374_R2_001.fastq.gz
WillRV_S375_S375,/n/scratch/groups/mgh/kwon/will_paired_rv_20250917/demultiplexed/WillRV_S375_S375_R1_001.fastq.gz,/n/scratch/groups/mgh/kwon/will_paired_rv_20250917/demultiplexed/WillRV_S375_S375_R2_001.fastq.gz
WillRV_S376_S376,/n/scratch/groups/mgh/kwon/will_paired_rv_20250917/demultiplexed/WillRV_S376_S376_R1_001.fastq.gz,/n/scratch/groups/mgh/kwon/will_paired_rv_20250917/demultiplexed/WillRV_S376_S376_R2_001.fastq.gz
WillRV_S377_S377,/n/scratch/groups/mgh/kwon/will_paired_rv_20250917/demultiplexed/WillRV_S377_S377_R1_001.fastq.gz,/n/scratch/groups/mgh/kwon/will_paired_rv_20250917/demultiplexed/WillRV_S377_S377_R2_001.fastq.gz
WillRV_S378_S378,/n/scratch/groups/mgh/kwon/will_paired_rv_20250917/demultiplexed/WillRV_S378_S378_R1_001.fastq.gz,/n/scratch/groups/mgh/kwon/will_paired_rv_20250917/demultiplexed/WillRV_S378_S378_R2_001.fastq.gz
WillRV_S379_S379,/n/scratch/groups/mgh/kwon/will_paired_rv_20250917/demultiplexed/WillRV_S379_S379_R1_001.fastq.gz,/n/scratch/groups/mgh/kwon/will_paired_rv_20250917/demultiplexed/WillRV_S379_S379_R2_001.fastq.gz
WillRV_S380_S380,/n/scratch/groups/mgh/kwon/will_paired_rv_20250917/demultiplexed/WillRV_S380_S380_R1_001.fastq.gz,/n/scratch/groups/mgh/kwon/will_paired_rv_20250917/demultiplexed/WillRV_S380_S380_R2_001.fastq.gz
WillRV_S381_S381,/n/scratch/groups/mgh/kwon/will_paired_rv_20250917/demultiplexed/WillRV_S381_S381_R1_001.fastq.gz,/n/scratch/groups/mgh/kwon/will_paired_rv_20250917/demultiplexed/WillRV_S381_S381_R2_001.fastq.gz
WillRV_S382_S382,/n/scratch/groups/mgh/kwon/will_paired_rv_20250917/demultiplexed/WillRV_S382_S382_R1_001.fastq.gz,/n/scratch/groups/mgh/kwon/will_paired_rv_20250917/demultiplexed/WillRV_S382_S382_R2_001.fastq.gz
WillRV_S383_S383,/n/scratch/groups/mgh/kwon/will_paired_rv_20250917/demultiplexed/WillRV_S383_S383_R1_001.fastq.gz,/n/scratch/groups/mgh/kwon/will_paired_rv_20250917/demultiplexed/WillRV_S383_S383_R2_001.fastq.gz
WillRV_S384_S384,/n/scratch/groups/mgh/kwon/will_paired_rv_20250917/demultiplexed/WillRV_S384_S384_R1_001.fastq.gz,/n/scratch/groups/mgh/kwon/will_paired_rv_20250917/demultiplexed/WillRV_S384_S384_R2_001.fastq.gz